Timestamp,EventType,KeyCode,Char
357195.6835799,KeyUp,13,enter
357197.7527001,KeyUp,243,<243>
357197.753028,KeyDown,244,<244>
357199.1847721,KeyDown,84,t
357199.2736087,KeyUp,84,t
357199.2886418,KeyDown,73,i
357199.397985,KeyUp,73,i
357199.5385949,KeyDown,75,k
357199.6412865,KeyUp,75,k
357199.7406709,KeyDown,89,y
357199.8307152,KeyUp,89,y
357199.9004526,KeyDown,85,u
357199.9792162,KeyUp,85,u
357200.0587566,KeyDown,85,u
357200.1089182,KeyUp,85,u
357200.5212262,KeyDown,78,n
357200.5238286,KeyUp,78,n
357200.5526831,KeyDown,72,h
357200.5620616,KeyUp,72,h
357200.5727385,KeyDown,73,i
357200.676022,KeyUp,73,i
357200.9845284,KeyDown,8,backspace
357200.993969,KeyDown,220,\
357201.0539492,KeyUp,220,\
357201.0633064,KeyUp,8,backspace
357201.3031319,KeyDown,8,backspace
357201.3717912,KeyUp,8,backspace
357201.4573144,KeyDown,8,backspace
357201.5174087,KeyUp,8,backspace
357201.9641412,KeyDown,78,n
357202.0341472,KeyDown,73,i
357202.0587508,KeyUp,78,n
357202.1486855,KeyUp,73,i
357202.1930269,KeyDown,72,h
357202.2934205,KeyUp,72,h
357202.3020374,KeyDown,65,a
357202.4021007,KeyDown,32,space
357202.4116662,KeyUp,65,a
357202.497003,KeyDown,13,enter
357202.5067453,KeyUp,32,space
357202.5860207,KeyUp,13,enter
357203.013829,KeyDown,84,t
357203.0891247,KeyDown,65,a
357203.1535894,KeyUp,84,t
357203.2435812,KeyUp,65,a
357203.2530426,KeyDown,75,k
357203.3884425,KeyUp,75,k
357203.4166569,KeyDown,85,u
357203.4774299,KeyDown,83,s
357203.496824,KeyUp,85,u
357203.5713567,KeyDown,65,a
357203.635846,KeyUp,83,s
357203.7252437,KeyUp,65,a
357203.7808295,KeyDown,78,n
357203.8446114,KeyUp,78,n
357203.92435,KeyDown,78,n
357203.9936394,KeyUp,78,n
357204.0499485,KeyDown,78,n
357204.0978898,KeyDown,79,o
357204.1229243,KeyUp,78,n
357204.1931155,KeyUp,79,o
357204.2334361,KeyDown,32,space
357204.3118171,KeyDown,13,enter
357204.3414345,KeyUp,32,space
357204.411887,KeyUp,13,enter
357205.3171963,KeyDown,77,m
357205.4122073,KeyDown,73,i
357205.4570097,KeyUp,77,m
357205.5216133,KeyUp,73,i
357205.5914454,KeyDown,90,z
357205.7298678,KeyUp,90,z
357205.7394704,KeyDown,85,u
357205.8048517,KeyUp,85,u
357206.0779664,KeyDown,71,g
357206.1278122,KeyDown,65,a
357206.2321024,KeyUp,71,g
357206.2769951,KeyDown,32,space
357206.2916405,KeyUp,65,a
357206.3369914,KeyDown,13,enter
357206.4014308,KeyUp,32,space
357206.4415933,KeyUp,13,enter
357206.7153105,KeyDown,83,s
357206.849494,KeyUp,83,s
357206.8593841,KeyDown,79,o
357206.918394,KeyUp,79,o
357207.0274615,KeyDown,78,n
357207.0828246,KeyUp,78,n
357207.1583714,KeyDown,78,n
357207.2124738,KeyUp,78,n
357207.326641,KeyDown,90,z
357207.4008102,KeyUp,90,z
357207.4976577,KeyDown,65,a
357207.5907996,KeyUp,65,a
357207.6155071,KeyDown,73,i
357207.6602692,KeyUp,73,i
357208.1625758,KeyDown,83,s
357208.2483431,KeyUp,83,s
357208.3114776,KeyDown,73,i
357208.3810835,KeyUp,73,i
357208.4358481,KeyDown,84,t
357208.5360936,KeyDown,69,e
357208.569738,KeyUp,84,t
357208.6244485,KeyUp,69,e
357208.7447012,KeyDown,73,i
357208.8046584,KeyUp,73,i
357208.9581785,KeyDown,77,m
357209.0225816,KeyDown,65,a
357209.0328194,KeyUp,77,m
357209.087262,KeyUp,65,a
357209.2023501,KeyDown,83,s
357209.2214116,KeyDown,85,u
357209.2768405,KeyUp,83,s
357209.285742,KeyUp,85,u
357209.3754056,KeyDown,32,space
357209.43628,KeyUp,32,space
357209.9781984,KeyDown,190,.
357210.0326062,KeyUp,190,.
357210.1563238,KeyDown,13,enter
357210.2208769,KeyUp,13,enter
357211.1911411,KeyDown,85,u
357211.2460274,KeyUp,85,u
357211.381063,KeyDown,77,m
357211.4607766,KeyDown,73,i
357211.5107792,KeyUp,77,m
357211.5800254,KeyUp,73,i
357211.7442894,KeyDown,89,y
357211.8180965,KeyUp,89,y
357211.8626357,KeyDown,65,a
357211.9573923,KeyUp,65,a
357212.0411906,KeyDown,32,space
357212.1409526,KeyDown,13,enter
357212.1705789,KeyUp,32,space
357212.2705274,KeyUp,13,enter
357212.7185719,KeyDown,75,k
357212.8125909,KeyUp,75,k
357212.8223725,KeyDown,65,a
357212.9420099,KeyUp,65,a
357212.9819075,KeyDown,87,w
357213.1271749,KeyDown,65,a
357213.1655476,KeyUp,87,w
357213.3011035,KeyUp,65,a
357213.4358669,KeyDown,78,n
357213.5293909,KeyDown,79,o
357213.568635,KeyUp,78,n
357213.6280084,KeyUp,79,o
357213.8825023,KeyDown,77,m
357213.9813991,KeyDown,73,i
357214.0214352,KeyUp,77,m
357214.097072,KeyUp,73,i
357214.2057547,KeyDown,90,z
357214.3197624,KeyDown,85,u
357214.3290947,KeyUp,90,z
357214.3840539,KeyUp,85,u
357214.496138,KeyDown,72,h
357214.5930663,KeyUp,72,h
357214.6375192,KeyDown,65,a
357214.7523295,KeyUp,65,a
357214.8013001,KeyDown,32,space
357214.8566716,KeyDown,13,enter
357214.906036,KeyUp,32,space
357214.9612462,KeyUp,13,enter
357215.9480352,KeyDown,188,","
357216.0150709,KeyUp,188,","
357216.2341985,KeyDown,13,enter
357216.3432155,KeyUp,13,enter
357216.8456448,KeyDown,79,o
357216.9606198,KeyUp,79,o
357217.0302264,KeyDown,72,h
357217.1296212,KeyUp,72,h
357217.1542611,KeyDown,73,i
357217.2538804,KeyUp,73,i
357217.4713145,KeyDown,83,s
357217.5713447,KeyDown,65,a
357217.6413924,KeyUp,83,s
357217.7062617,KeyUp,65,a
357217.8308525,KeyDown,77,m
357217.8955097,KeyDown,65,a
357217.9149489,KeyUp,77,m
357218.0248979,KeyUp,65,a
357218.0946334,KeyDown,78,n
357218.1835685,KeyDown,73,i
357218.2328634,KeyUp,78,n
357218.2937262,KeyUp,73,i
357218.607142,KeyDown,89,y
357218.676353,KeyDown,79,o
357218.7360097,KeyUp,89,y
357218.7705054,KeyUp,79,o
357218.979985,KeyDown,84,t
357219.0588894,KeyUp,84,t
357219.1340226,KeyDown,84,t
357219.1936613,KeyDown,69,e
357219.2387099,KeyUp,84,t
357219.2878662,KeyUp,69,e
357219.3021054,KeyDown,32,space
357219.3575166,KeyDown,13,enter
357219.3980156,KeyUp,32,space
357219.4328168,KeyUp,13,enter
357220.1966655,KeyDown,8,backspace
357220.2870486,KeyUp,8,backspace
357220.5209464,KeyDown,78,n
357220.6012861,KeyDown,79,o
357220.655427,KeyUp,78,n
357220.7156219,KeyUp,79,o
357221.1789935,KeyDown,8,backspace
357221.2270466,KeyUp,8,backspace
357221.321533,KeyDown,8,backspace
357221.3719658,KeyUp,8,backspace
357221.4566781,KeyDown,8,backspace
357221.4904703,KeyUp,8,backspace
357221.5603191,KeyDown,8,backspace
357221.6097929,KeyUp,8,backspace
357222.0485321,KeyDown,78,n
357222.1028704,KeyDown,79,o
357222.1623311,KeyUp,78,n
357222.2030162,KeyUp,79,o
357222.5060057,KeyDown,72,h
357222.5657664,KeyDown,73,i
357222.5953925,KeyUp,72,h
357222.6708437,KeyUp,73,i
357222.7850573,KeyDown,75,k
357222.8294969,KeyDown,65,a
357222.8649239,KeyUp,75,k
357222.9542193,KeyUp,65,a
357223.1277178,KeyDown,82,r
357223.208144,KeyDown,73,i
357223.2167396,KeyUp,82,r
357223.2873044,KeyUp,73,i
357223.3677461,KeyDown,78,n
357223.4375932,KeyDown,73,i
357223.4757546,KeyUp,78,n
357223.5505486,KeyUp,73,i
357223.8088483,KeyDown,89,y
357223.8891066,KeyDown,79,o
357223.8986685,KeyUp,89,y
357223.9631609,KeyUp,79,o
357224.0682197,KeyDown,84,t
357224.1423236,KeyUp,84,t
357224.2266419,KeyDown,84,t
357224.2820864,KeyDown,69,e
357224.3164976,KeyUp,84,t
357224.3775232,KeyUp,69,e
357224.386939,KeyDown,32,space
357224.4312387,KeyDown,13,enter
357224.4750276,KeyUp,32,space
357224.525428,KeyUp,13,enter
357225.4462961,KeyDown,77,m
357225.5554096,KeyDown,65,a
357225.5642812,KeyUp,77,m
357225.6897604,KeyUp,65,a
357225.6996548,KeyDown,73,i
357225.7740597,KeyUp,73,i
357225.854701,KeyDown,78,n
357225.9279011,KeyDown,73,i
357225.9624508,KeyUp,78,n
357226.0329499,KeyUp,73,i
357226.1767671,KeyDown,84,t
357226.2655892,KeyUp,84,t
357226.2763929,KeyDown,73,i
357226.3519562,KeyUp,73,i
357226.4124519,KeyDown,32,space
357226.5057974,KeyDown,13,enter
357226.5394359,KeyUp,32,space
357226.5895407,KeyUp,13,enter
357227.1226896,KeyDown,83,s
357227.265517,KeyUp,83,s
357227.3301707,KeyDown,85,u
357227.3918252,KeyUp,85,u
357227.5449834,KeyDown,75,k
357227.6241814,KeyDown,79,o
357227.6740392,KeyUp,75,k
357227.7439098,KeyUp,79,o
357227.8085534,KeyDown,83,s
357227.9226947,KeyDown,79,o
357227.9317522,KeyDown,73,i
357227.9417123,KeyUp,83,s
357227.981734,KeyUp,79,o
357227.9919984,KeyUp,73,i
357228.479322,KeyDown,8,backspace
357228.5788089,KeyUp,8,backspace
357228.8528781,KeyDown,8,backspace
357228.9420675,KeyUp,8,backspace
357229.2323122,KeyDown,83,s
357229.3561425,KeyUp,83,s
357229.4057485,KeyDown,73,i
357229.4947635,KeyUp,73,i
357229.5237544,KeyDown,90,z
357229.6539222,KeyDown,85,u
357229.6627425,KeyUp,90,z
357229.7176979,KeyUp,85,u
357230.0708323,KeyDown,84,t
357230.1560003,KeyUp,84,t
357230.1699438,KeyDown,85,u
357230.2455263,KeyUp,85,u
357230.2950284,KeyDown,32,space
357230.3849636,KeyDown,13,enter
357230.434543,KeyUp,32,space
357230.4890667,KeyUp,13,enter
357231.0413622,KeyDown,65,a
357231.1853139,KeyUp,65,a
357231.3500686,KeyDown,84,t
357231.4585212,KeyUp,84,t
357231.5139093,KeyDown,65,a
357231.6630431,KeyUp,65,a
357231.7475773,KeyDown,84,t
357231.8020828,KeyDown,65,a
357231.896565,KeyUp,84,t
357231.9558422,KeyUp,65,a
357232.2649236,KeyDown,77,m
357232.3355236,KeyDown,69,e
357232.3649951,KeyUp,77,m
357232.4336634,KeyUp,69,e
357232.5330573,KeyDown,82,r
357232.6031074,KeyDown,65,a
357232.7118661,KeyUp,82,r
357232.7527213,KeyUp,65,a
357232.8214242,KeyDown,82,r
357232.896483,KeyDown,69,e
357232.9863405,KeyUp,82,r
357233.020544,KeyUp,69,e
357233.0901078,KeyDown,84,t
357233.1408867,KeyDown,69,e
357233.2057074,KeyUp,84,t
357233.2592452,KeyUp,69,e
357233.3593288,KeyDown,73,i
357233.4439254,KeyUp,73,i
357233.7370269,KeyDown,77,m
357233.7667558,KeyDown,65,a
357233.8213244,KeyUp,77,m
357233.9013308,KeyUp,65,a
357234.0010423,KeyDown,83,s
357234.0204325,KeyDown,85,u
357234.1148853,KeyUp,83,s
357234.1245242,KeyUp,85,u
357234.1589682,KeyDown,32,space
357234.2398369,KeyUp,32,space
357235.3348828,KeyDown,190,.
357235.4236451,KeyUp,190,.
357235.5572692,KeyDown,13,enter
357235.6364748,KeyUp,13,enter
357235.9859547,KeyDown,65,a
357236.1399404,KeyUp,65,a
357236.2286226,KeyDown,82,r
357236.3195376,KeyDown,65,a
357236.4330898,KeyUp,82,r
357236.4574875,KeyUp,65,a
357236.6110915,KeyDown,8,backspace
357236.725677,KeyUp,8,backspace
357237.0953879,KeyDown,84,t
357237.1939356,KeyDown,65,a
357237.2733197,KeyUp,84,t
357237.3093812,KeyUp,65,a
357237.3663039,KeyDown,84,t
357237.4272525,KeyDown,65,a
357237.5218529,KeyUp,84,t
357237.5869502,KeyUp,65,a
357237.9052821,KeyDown,77,m
357238.029748,KeyDown,69,e
357238.0487964,KeyUp,77,m
357238.1735048,KeyUp,69,e
357238.5269101,KeyDown,65,a
357238.6556381,KeyDown,82,r
357238.7152387,KeyUp,65,a
357238.8546988,KeyUp,82,r
357239.2200267,KeyDown,8,backspace
357239.3132261,KeyUp,8,backspace
357239.3874366,KeyDown,8,backspace
357239.4609925,KeyUp,8,backspace
357239.9545572,KeyDown,82,r
357240.0485589,KeyDown,65,a
357240.1629898,KeyUp,82,r
357240.1730277,KeyUp,65,a
357240.4613362,KeyDown,82,r
357240.560662,KeyDown,69,e
357240.6655978,KeyUp,82,r
357240.689684,KeyUp,69,e
357240.7551957,KeyDown,84,t
357240.8101246,KeyDown,65,a
357240.9102498,KeyUp,84,t
357240.9789814,KeyUp,65,a
357241.0038563,KeyDown,32,space
357241.1074825,KeyUp,32,space
357241.1673411,KeyDown,13,enter
357241.2931105,KeyUp,13,enter
357241.7004873,KeyDown,77,m
357241.7901672,KeyDown,73,i
357241.838668,KeyUp,77,m
357241.8948003,KeyUp,73,i
357241.9592062,KeyDown,90,z
357242.0783856,KeyDown,85,u
357242.088994,KeyUp,90,z
357242.1376358,KeyUp,85,u
357242.2426912,KeyDown,72,h
357242.3180089,KeyDown,65,a
357242.3425934,KeyUp,72,h
357242.4062087,KeyUp,65,a
357242.4761116,KeyDown,32,space
357242.5308115,KeyDown,13,enter
357242.5956805,KeyUp,32,space
357242.6149169,KeyUp,13,enter
357243.4556935,KeyDown,188,","
357243.5359783,KeyUp,188,","
357243.6200029,KeyDown,13,enter
357243.7246781,KeyUp,13,enter
357244.0134182,KeyDown,77,m
357244.1032134,KeyDown,69,e
357244.1121345,KeyUp,77,m
357244.2269367,KeyDown,78,n
357244.2363326,KeyUp,69,e
357244.3120307,KeyDown,73,i
357244.3417376,KeyUp,78,n
357244.390958,KeyUp,73,i
357244.5602665,KeyDown,77,m
357244.6451868,KeyDown,73,i
357244.6995358,KeyUp,77,m
357244.7543659,KeyUp,73,i
357244.9944186,KeyDown,69,e
357245.1279008,KeyUp,69,e
357245.2624471,KeyDown,78,n
357245.3172915,KeyDown,65,a
357245.3662578,KeyUp,78,n
357245.4406788,KeyUp,65,a
357245.4506188,KeyDown,73,i
357245.5555199,KeyUp,73,i
357245.6091788,KeyDown,32,space
357245.7344835,KeyDown,13,enter
357245.7583827,KeyUp,32,space
357245.863043,KeyUp,13,enter
357246.8237655,KeyDown,75,k
357246.9231835,KeyDown,79,o
357246.9980764,KeyUp,75,k
357247.0478321,KeyUp,79,o
357247.2025221,KeyDown,77,m
357247.2925884,KeyDown,65,a
357247.3017111,KeyUp,77,m
357247.4205717,KeyUp,65,a
357247.7134213,KeyDown,75,k
357247.8030499,KeyUp,75,k
357247.8130387,KeyDown,65,a
357247.9381158,KeyUp,65,a
357247.9486391,KeyDown,73,i
357248.0269912,KeyUp,73,i
357248.3553676,KeyDown,32,space
357248.4363088,KeyUp,32,space
357248.5945203,KeyDown,13,enter
357248.6885981,KeyUp,13,enter
357249.6350917,KeyDown,84,t
357249.728393,KeyUp,84,t
357249.7376972,KeyDown,85,u
357249.8137563,KeyUp,85,u
357250.0917583,KeyDown,66,b
357250.2155923,KeyDown,85,u
357250.2260613,KeyUp,66,b
357250.2765488,KeyUp,85,u
357250.4148526,KeyDown,78,n
357250.4795572,KeyDown,73,i
357250.5293015,KeyUp,78,n
357250.5943232,KeyUp,73,i
357251.0215993,KeyDown,78,n
357251.0960424,KeyDown,65,a
357251.1259817,KeyUp,78,n
357251.2370762,KeyUp,65,a
357251.6436512,KeyDown,8,backspace
357251.7668893,KeyUp,8,backspace
357252.3734997,KeyDown,8,backspace
357252.4534783,KeyUp,8,backspace
357252.9856631,KeyDown,89,y
357253.0502517,KeyUp,89,y
357253.5336463,KeyDown,8,backspace
357253.621979,KeyUp,8,backspace
357253.9316262,KeyDown,84,t
357254.0310419,KeyUp,84,t
357254.0599367,KeyDown,79,o
357254.1498598,KeyUp,79,o
357254.2955097,KeyDown,78,n
357254.3441365,KeyDown,65,a
357254.3840233,KeyUp,78,n
357254.4787411,KeyUp,65,a
357254.6329396,KeyDown,84,t
357254.7171384,KeyUp,84,t
357254.7868335,KeyDown,84,t
357254.8914797,KeyDown,69,e
357254.9409033,KeyUp,84,t
357255.0149704,KeyUp,69,e
357255.0403859,KeyDown,32,space
357255.1693081,KeyUp,32,space
357255.3730077,KeyDown,13,enter
357255.4573473,KeyUp,13,enter
357256.3731407,KeyDown,83,s
357256.4927129,KeyUp,83,s
357256.5174304,KeyDown,79,o
357256.6115628,KeyUp,79,o
357256.9309671,KeyDown,82,r
357257.0200052,KeyDown,65,a
357257.1243287,KeyUp,82,r
357257.1737732,KeyUp,65,a
357257.5525189,KeyDown,72,h
357257.6419335,KeyUp,72,h
357257.6517057,KeyDown,69,e
357257.7703385,KeyUp,69,e
357258.0344465,KeyDown,84,t
357258.143586,KeyUp,84,t
357258.1736605,KeyDown,79,o
357258.2544193,KeyUp,79,o
357258.322909,KeyDown,32,space
357258.4027562,KeyDown,13,enter
357258.4316697,KeyUp,32,space
357258.4964412,KeyUp,13,enter
357261.2822774,KeyDown,78,n
357261.331797,KeyDown,79,o
357261.3917867,KeyUp,78,n
357261.4621351,KeyUp,79,o
357261.5657096,KeyDown,66,b
357261.6701608,KeyUp,66,b
357261.6802585,KeyDown,79,o
357261.7864935,KeyUp,79,o
357261.9852461,KeyDown,84,t
357262.0486924,KeyUp,84,t
357262.1179877,KeyDown,84,t
357262.2004087,KeyDown,69,e
357262.2384499,KeyUp,84,t
357262.3125861,KeyUp,69,e
357262.3417737,KeyDown,73,i
357262.4370922,KeyUp,73,i
357262.5810778,KeyDown,75,k
357262.6255944,KeyUp,75,k
357262.6651281,KeyDown,75,k
357262.7697909,KeyUp,75,k
357263.0833806,KeyDown,8,backspace
357263.173001,KeyUp,8,backspace
357263.8563426,KeyDown,73,i
357263.9444499,KeyUp,73,i
357264.0638038,KeyDown,77,m
357264.127791,KeyDown,65,a
357264.1590168,KeyUp,77,m
357264.2378249,KeyUp,65,a
357264.2899952,KeyDown,83,s
357264.3467856,KeyDown,85,u
357264.4120486,KeyUp,85,u
357264.4212309,KeyUp,83,s
357264.4667138,KeyDown,32,space
357264.5404397,KeyUp,32,space
357265.2081438,KeyDown,190,.
357265.2824811,KeyUp,190,.
357265.4212401,KeyDown,13,enter
357265.4962087,KeyUp,13,enter
357266.9442514,KeyDown,83,s
357267.0730204,KeyUp,83,s
357267.0830927,KeyDown,79,o
357267.16887,KeyUp,79,o
357267.4271678,KeyDown,82,r
357267.5258041,KeyDown,65,a
357267.6157712,KeyUp,82,r
357267.6800873,KeyUp,65,a
357267.7344055,KeyDown,78,n
357267.8092571,KeyDown,79,o
357267.8590614,KeyUp,78,n
357267.9295225,KeyUp,79,o
357268.3421356,KeyDown,84,t
357268.4268522,KeyDown,65,a
357268.5211225,KeyUp,84,t
357268.5603431,KeyUp,65,a
357268.6102077,KeyDown,75,k
357268.6949106,KeyDown,65,a
357268.7053296,KeyUp,75,k
357268.8347318,KeyUp,65,a
357268.8590318,KeyDown,73,i
357268.9242801,KeyUp,73,i
357268.9986637,KeyDown,32,space
357269.1076248,KeyDown,13,enter
357269.1171746,KeyUp,32,space
357269.1885525,KeyUp,13,enter
357270.8687665,KeyDown,84,t
357270.9633484,KeyUp,84,t
357270.9730198,KeyDown,79,o
357271.0587502,KeyUp,79,o
357271.163007,KeyDown,75,k
357271.2229301,KeyDown,79,o
357271.2771737,KeyUp,75,k
357271.357014,KeyUp,79,o
357271.540779,KeyDown,82,r
357271.6504761,KeyUp,82,r
357271.6592907,KeyDown,79,o
357271.7261174,KeyUp,79,o
357271.8333743,KeyDown,72,h
357271.9255607,KeyUp,72,h
357271.9329354,KeyDown,65,a
357272.0427941,KeyUp,65,a
357272.0521907,KeyDown,32,space
357272.1307912,KeyDown,13,enter
357272.1776164,KeyUp,32,space
357272.221699,KeyUp,13,enter
357273.5655864,KeyDown,84,t
357273.6597072,KeyUp,84,t
357273.709786,KeyDown,79,o
357273.7945658,KeyUp,79,o
357273.8730229,KeyDown,82,r
357274.0082327,KeyDown,69,e
357274.087769,KeyUp,82,r
357274.1525088,KeyUp,69,e
357274.3455661,KeyDown,8,backspace
357274.4547101,KeyUp,8,backspace
357274.8337183,KeyDown,84,t
357274.9624337,KeyDown,69,e
357275.0381122,KeyUp,84,t
357275.0867484,KeyUp,69,e
357275.2707451,KeyDown,77,m
357275.3502125,KeyDown,79,o
357275.3808424,KeyUp,77,m
357275.4548996,KeyUp,79,o
357275.6941772,KeyDown,84,t
357275.8184674,KeyDown,85,u
357275.8276391,KeyUp,84,t
357275.8828105,KeyUp,85,u
357276.0322286,KeyDown,77,m
357276.1129526,KeyUp,77,m
357276.1523736,KeyDown,69,e
357276.2605337,KeyUp,69,e
357276.3701438,KeyDown,84,t
357276.4354992,KeyDown,65,a
357276.5197908,KeyUp,84,t
357276.5794654,KeyUp,65,a
357276.5992674,KeyDown,73,i
357276.6748011,KeyUp,73,i
357276.7880555,KeyDown,78,n
357276.8627053,KeyDown,79,o
357276.9126908,KeyUp,78,n
357276.9624858,KeyDown,68,d
357276.9716601,KeyUp,79,o
357277.0511853,KeyUp,68,d
357277.1073904,KeyDown,69,e
357277.210419,KeyDown,32,space
357277.2303718,KeyUp,69,e
357277.2856523,KeyDown,13,enter
357277.3296759,KeyUp,32,space
357277.3851583,KeyUp,13,enter
357278.584833,KeyDown,188,","
357278.667829,KeyUp,188,","
357278.7678241,KeyDown,13,enter
357278.8773634,KeyUp,13,enter
357279.3335836,KeyDown,77,m
357279.440096,KeyDown,73,i
357279.47983,KeyUp,77,m
357279.5542333,KeyUp,73,i
357279.5785791,KeyDown,90,z
357279.7089531,KeyUp,90,z
357279.7181953,KeyDown,85,u
357279.7773442,KeyUp,85,u
357279.9422274,KeyDown,78,n
357280.0364985,KeyDown,79,o
357280.111367,KeyUp,78,n
357280.1658894,KeyUp,79,o
357280.2448761,KeyDown,32,space
357280.3290126,KeyDown,13,enter
357280.3690533,KeyUp,32,space
357280.4349229,KeyUp,13,enter
357285.7812947,KeyDown,84,t
357285.8854684,KeyUp,84,t
357285.9149216,KeyDown,85,u
357286.0098897,KeyUp,85,u
357286.1741788,KeyDown,66,b
357286.2892905,KeyUp,66,b
357286.2989643,KeyDown,85,u
357286.3576966,KeyUp,85,u
357286.4727127,KeyDown,72,h
357286.5277481,KeyDown,65,a
357286.5574264,KeyUp,72,h
357286.6621285,KeyUp,65,a
357286.6861318,KeyDown,32,space
357286.7658845,KeyDown,13,enter
357286.8108014,KeyUp,32,space
357286.8854279,KeyUp,13,enter
357287.7968195,KeyDown,65,a
357287.9259447,KeyUp,65,a
357288.2333983,KeyDown,84,t
357288.3339805,KeyDown,85,u
357288.3481061,KeyUp,84,t
357288.4026993,KeyUp,85,u
357288.5373428,KeyDown,77,m
357288.5968965,KeyDown,65,a
357288.6361607,KeyUp,77,m
357288.726583,KeyUp,65,a
357288.8653872,KeyDown,84,t
357288.9501761,KeyUp,84,t
357289.0250812,KeyDown,84,t
357289.1053022,KeyDown,69,e
357289.1485401,KeyUp,84,t
357289.1988008,KeyUp,69,e
357289.2124056,KeyDown,32,space
357289.2937883,KeyDown,13,enter
357289.3619782,KeyUp,32,space
357289.4170072,KeyUp,13,enter
357290.4967897,KeyDown,75,k
357290.6159122,KeyUp,75,k
357290.6462274,KeyDown,85,u
357290.7249858,KeyUp,85,u
357290.85025,KeyDown,77,m
357290.9294901,KeyDown,79,o
357290.9840356,KeyUp,77,m
357291.0441957,KeyUp,79,o
357291.1092227,KeyDown,78,n
357291.1780568,KeyDown,73,i
357291.2184129,KeyUp,78,n
357291.2680261,KeyUp,73,i
357291.3423494,KeyDown,32,space
357291.4369105,KeyDown,13,enter
357291.4712216,KeyUp,32,space
357291.5209728,KeyUp,13,enter
357292.376454,KeyDown,75,k
357292.4711355,KeyDown,65,a
357292.4908633,KeyUp,75,k
357292.5913647,KeyUp,65,a
357292.6454151,KeyDown,87,w
357292.749886,KeyDown,65,a
357292.8244495,KeyUp,87,w
357292.899281,KeyUp,65,a
357293.1175696,KeyDown,82,r
357293.2374463,KeyDown,73,i
357293.2462183,KeyUp,82,r
357293.312374,KeyUp,73,i
357293.4159423,KeyDown,77,m
357293.4805268,KeyDown,65,a
357293.5107972,KeyUp,77,m
357293.6015348,KeyUp,65,a
357293.6547258,KeyDown,83,s
357293.7395481,KeyDown,85,u
357293.794327,KeyUp,83,s
357293.8738063,KeyUp,85,u
357293.9382075,KeyDown,32,space
357294.0181666,KeyUp,32,space
357294.2618055,KeyDown,190,.
357294.3365004,KeyUp,190,.
357294.4686453,KeyDown,13,enter
357294.5401355,KeyUp,13,enter
357297.1960817,KeyDown,75,k
357297.3306589,KeyUp,75,k
357297.3557135,KeyDown,85,u
357297.4256052,KeyUp,85,u
357297.554676,KeyDown,77,m
357297.6291763,KeyDown,79,o
357297.6793107,KeyUp,77,m
357297.7480147,KeyUp,79,o
357297.7979115,KeyDown,78,n
357297.8827329,KeyDown,79,o
357297.9371947,KeyUp,78,n
357297.9731668,KeyUp,79,o
357298.1264708,KeyDown,78,n
357298.2007316,KeyDown,65,a
357298.2102965,KeyUp,78,n
357298.3256404,KeyUp,65,a
357298.3399604,KeyDown,75,k
357298.4251635,KeyUp,75,k
357298.4543572,KeyDown,65,a
357298.5503979,KeyDown,78,n
357298.5798156,KeyUp,65,a
357298.6233701,KeyDown,79,o
357298.6483326,KeyUp,78,n
357298.7282634,KeyUp,79,o
357298.7826387,KeyDown,32,space
357298.8673001,KeyDown,13,enter
357298.9025185,KeyUp,32,space
357298.9674154,KeyUp,13,enter
357299.6783425,KeyDown,77,m
357299.7829526,KeyDown,73,i
357299.837422,KeyUp,77,m
357299.9022504,KeyUp,73,i
357300.0421947,KeyDown,90,z
357300.1056174,KeyDown,85,u
357300.1656703,KeyUp,90,z
357300.1804612,KeyUp,85,u
357300.3295265,KeyDown,78,n
357300.4139507,KeyDown,79,o
357300.4992333,KeyUp,78,n
357300.5486826,KeyUp,79,o
357301.2348099,KeyDown,84,t
357301.3298486,KeyDown,85,u
357301.3392145,KeyUp,84,t
357301.3936421,KeyUp,85,u
357301.562814,KeyDown,66,b
357301.6627233,KeyUp,66,b
357301.6724303,KeyDown,85,u
357301.7319439,KeyUp,85,u
357301.8513869,KeyDown,72,h
357301.9311693,KeyDown,65,a
357301.9453778,KeyUp,72,h
357302.0519177,KeyUp,65,a
357302.0748771,KeyDown,32,space
357302.1299326,KeyDown,13,enter
357302.1896238,KeyUp,32,space
357302.2242128,KeyUp,13,enter
357302.90138,KeyDown,65,a
357303.0367731,KeyUp,65,a
357303.2000571,KeyDown,84,t
357303.2892996,KeyDown,85,u
357303.2983926,KeyUp,84,t
357303.3632726,KeyUp,85,u
357303.4984406,KeyDown,65,a
357303.5022388,KeyDown,77,m
357303.5728456,KeyUp,77,m
357303.632795,KeyUp,65,a
357303.99135,KeyDown,8,backspace
357304.0747147,KeyUp,8,backspace
357304.1637421,KeyDown,8,backspace
357304.2285888,KeyUp,8,backspace
357304.3178977,KeyDown,8,backspace
357304.3731682,KeyUp,8,backspace
357304.4673639,KeyDown,8,backspace
357304.5273578,KeyUp,8,backspace
357304.6119973,KeyDown,8,backspace
357304.6763007,KeyUp,8,backspace
357304.766128,KeyDown,8,backspace
357304.8259606,KeyUp,8,backspace
357306.3435488,KeyDown,83,s
357306.4876948,KeyDown,85,u
357306.4963027,KeyUp,83,s
357306.5516273,KeyUp,85,u
357306.8056914,KeyDown,8,backspace
357306.8993165,KeyUp,8,backspace
357307.0337666,KeyDown,84,t
357307.1181765,KeyUp,84,t
357307.1427551,KeyDown,85,u
357307.2138685,KeyUp,85,u
357307.4075629,KeyDown,66,b
357307.5209507,KeyUp,66,b
357307.5359099,KeyDown,85,u
357307.6004118,KeyUp,85,u
357307.729917,KeyDown,72,h
357307.7893603,KeyDown,65,a
357307.8092658,KeyUp,72,h
357307.8598347,KeyUp,65,a
357307.9295358,KeyDown,32,space
357308.0045872,KeyDown,13,enter
357308.0578329,KeyUp,32,space
357308.1024284,KeyUp,13,enter
357308.6454492,KeyDown,188,","
357308.7247844,KeyUp,188,","
357308.8443038,KeyDown,13,enter
357308.9192229,KeyUp,13,enter
357309.7847944,KeyDown,75,k
357309.8640269,KeyDown,65,a
357309.8834383,KeyUp,75,k
357309.9801268,KeyUp,65,a
357310.1323136,KeyDown,90,z
357310.3020528,KeyDown,69,e
357310.3560745,KeyUp,90,z
357310.4168137,KeyUp,69,e
357310.4612721,KeyDown,78,n
357310.5550951,KeyDown,73,i
357310.6004924,KeyUp,78,n
357310.6753245,KeyUp,73,i
357310.7445173,KeyDown,32,space
357310.8138727,KeyDown,13,enter
357310.8787986,KeyUp,32,space
357310.9142426,KeyUp,13,enter
357311.6396931,KeyDown,78,n
357311.6793039,KeyDown,65,a
357311.7239148,KeyUp,78,n
357311.8044796,KeyUp,65,a
357311.9025169,KeyDown,71,g
357311.9644454,KeyDown,65,a
357312.0330165,KeyUp,71,g
357312.0878615,KeyUp,65,a
357312.2071111,KeyDown,83,s
357312.3214418,KeyDown,65,a
357312.3862813,KeyUp,83,s
357312.4460172,KeyUp,65,a
357312.5643474,KeyDown,82,r
357312.6296192,KeyDown,69,e
357312.7691776,KeyUp,82,r
357312.7792627,KeyUp,69,e
357312.9087513,KeyDown,78,n
357312.9682403,KeyDown,65,a
357312.9985529,KeyUp,78,n
357313.0969295,KeyUp,65,a
357313.2267241,KeyDown,71,g
357313.3064832,KeyDown,65,a
357313.3561344,KeyUp,71,g
357313.4354922,KeyUp,65,a
357313.5355999,KeyDown,82,r
357313.6246775,KeyDown,65,a
357313.6845387,KeyUp,82,r
357313.7634115,KeyUp,65,a
357313.7940668,KeyDown,32,space
357313.8430384,KeyDown,13,enter
357313.8994204,KeyUp,32,space
357313.9285763,KeyUp,13,enter
357315.1616431,KeyDown,79,o
357315.2564751,KeyUp,79,o
357315.6388324,KeyDown,84,t
357315.7093142,KeyDown,65,a
357315.7979735,KeyUp,84,t
357315.8279645,KeyUp,65,a
357315.9286431,KeyDown,75,k
357316.0078049,KeyUp,75,k
357316.0167519,KeyDown,65,a
357316.121228,KeyUp,65,a
357316.2804579,KeyDown,8,backspace
357316.2908372,KeyDown,220,\
357316.3002794,KeyUp,220,\
357316.3647903,KeyUp,8,backspace
357316.4149562,KeyDown,71,g
357316.4744445,KeyDown,65,a
357316.5350833,KeyUp,71,g
357316.6242769,KeyUp,65,a
357316.6684487,KeyDown,73,i
357316.7434847,KeyUp,73,i
357316.9583715,KeyDown,8,backspace
357317.0422462,KeyUp,8,backspace
357317.1208191,KeyDown,8,backspace
357317.1962319,KeyUp,8,backspace
357317.3408864,KeyDown,8,backspace
357317.4243367,KeyUp,8,backspace
357317.7334128,KeyDown,71,g
357317.7981653,KeyDown,65,a
357317.8890175,KeyUp,71,g
357317.9676218,KeyUp,65,a
357318.047408,KeyDown,73,i
357318.1405669,KeyUp,73,i
357318.2105103,KeyDown,78,n
357318.2856993,KeyDown,73,i
357318.3257885,KeyUp,78,n
357318.3904006,KeyUp,73,i
357318.4640075,KeyDown,32,space
357318.5142346,KeyDown,13,enter
357318.5636249,KeyUp,32,space
357318.6138119,KeyUp,13,enter
357319.8728206,KeyDown,75,k
357319.9865622,KeyUp,75,k
357320.0807349,KeyDown,85,u
357320.155681,KeyUp,85,u
357320.449638,KeyDown,84,t
357320.5090363,KeyUp,84,t
357320.5944823,KeyDown,84,t
357320.6728704,KeyUp,84,t
357320.7076286,KeyDown,85,u
357320.7873721,KeyUp,85,u
357320.9239572,KeyDown,73,i
357321.0211002,KeyUp,73,i
357321.1255269,KeyDown,84,t
357321.2356881,KeyDown,69,e
357321.2952164,KeyUp,84,t
357321.3247277,KeyUp,69,e
357321.3346595,KeyDown,32,space
357321.4193616,KeyDown,13,enter
357321.4687144,KeyUp,32,space
357321.4933298,KeyUp,13,enter
357321.9176606,KeyDown,79,o
357321.9871895,KeyUp,79,o
357322.0524932,KeyDown,79,o
357322.1158567,KeyUp,79,o
357322.205882,KeyDown,75,k
357322.2652976,KeyUp,75,k
357322.3493633,KeyDown,73,i
357322.4091395,KeyUp,73,i
357322.4998895,KeyDown,75,k
357322.5944118,KeyUp,75,k
357322.6727032,KeyDown,85,u
357322.7375534,KeyUp,85,u
357322.8876487,KeyDown,78,n
357322.9530685,KeyDown,65,a
357322.9761113,KeyUp,78,n
357323.0864669,KeyUp,65,a
357323.4047383,KeyDown,82,r
357323.5041695,KeyUp,82,r
357323.5130061,KeyDown,73,i
357323.5236684,KeyDown,79,o
357323.5632903,KeyUp,79,o
357323.5933525,KeyUp,73,i
357323.7031978,KeyDown,77,m
357323.7880456,KeyDown,65,a
357323.8075342,KeyUp,77,m
357323.8924387,KeyUp,65,a
357323.9608873,KeyDown,83,s
357324.0463249,KeyDown,85,u
357324.0859191,KeyUp,83,s
357324.1212339,KeyUp,85,u
357324.1750125,KeyDown,32,space
357324.2500806,KeyUp,32,space
357324.8424233,KeyDown,8,backspace
357324.9173071,KeyUp,8,backspace
357325.0173249,KeyDown,8,backspace
357325.0757261,KeyUp,8,backspace
357325.1749371,KeyDown,8,backspace
357325.2498399,KeyUp,8,backspace
357326.1853531,KeyDown,84,t
357326.2747594,KeyUp,84,t
357326.5430791,KeyDown,8,backspace
357326.6427276,KeyUp,8,backspace
357326.7670865,KeyDown,82,r
357326.8670131,KeyUp,82,r
357326.8927653,KeyDown,73,i
357326.9614483,KeyUp,73,i
357327.0708309,KeyDown,77,m
357327.1149605,KeyDown,65,a
357327.1648409,KeyUp,77,m
357327.2101303,KeyUp,65,a
357327.2700206,KeyDown,83,s
357327.3187901,KeyDown,85,u
357327.3890432,KeyUp,85,u
357327.3984657,KeyUp,83,s
357327.4279558,KeyDown,32,space
357327.4977133,KeyUp,32,space
357328.0151401,KeyDown,190,.
357328.0905194,KeyUp,190,.
357328.2056796,KeyDown,13,enter
357328.2740438,KeyUp,13,enter
357680.0936665,KeyUp,13,enter
357685.3807467,KeyDown,78,n
357685.4699454,KeyDown,73,i
357685.5395152,KeyUp,78,n
357685.5796337,KeyUp,73,i
357685.6739337,KeyDown,78,n
357685.7582873,KeyUp,78,n
357685.8136816,KeyDown,78,n
357685.8782162,KeyUp,78,n
357686.4302164,KeyDown,71,g
357686.5192304,KeyDown,69,e
357686.5649249,KeyUp,71,g
357686.5886758,KeyDown,78,n
357686.6140822,KeyUp,69,e
357686.6438611,KeyUp,78,n
357686.7136828,KeyDown,78,n
357686.7832556,KeyUp,78,n
357686.9124878,KeyDown,72,h
357686.9827254,KeyDown,65,a
357686.9924392,KeyUp,72,h
357687.0910366,KeyDown,32,space
357687.101018,KeyUp,65,a
357687.1705107,KeyDown,13,enter
357687.2002938,KeyUp,32,space
357687.2507136,KeyUp,13,enter
357690.2095574,KeyDown,188,","
357690.2805462,KeyUp,188,","
357690.3541672,KeyDown,13,enter
357690.4536435,KeyUp,13,enter
357690.6480222,KeyDown,77,m
357690.736856,KeyUp,77,m
357690.7467115,KeyDown,65,a
357690.896277,KeyUp,65,a
357690.9062531,KeyDown,73,i
357690.9778839,KeyUp,73,i
357691.0705835,KeyDown,78,n
357691.1445178,KeyDown,73,i
357691.179775,KeyUp,78,n
357691.253867,KeyUp,73,i
357691.3933376,KeyDown,84,t
357691.4834585,KeyDown,73,i
357691.4931817,KeyUp,84,t
357691.548054,KeyUp,73,i
357691.6122406,KeyDown,32,space
357691.687322,KeyDown,13,enter
357691.7262252,KeyUp,32,space
357691.7761057,KeyUp,13,enter
357692.1404586,KeyDown,65,a
357692.2935688,KeyUp,65,a
357692.3085142,KeyDown,78,n
357692.372749,KeyUp,78,n
357692.4433235,KeyDown,78,n
357692.5029017,KeyUp,78,n
357692.7068593,KeyDown,90,z
357692.8167334,KeyDown,69,e
357692.881463,KeyUp,90,z
357692.9264886,KeyUp,69,e
357692.9412768,KeyDown,78,n
357693.0063629,KeyUp,78,n
357693.0892798,KeyDown,78,n
357693.1586606,KeyUp,78,n
357693.1990496,KeyDown,78,n
357693.223369,KeyDown,73,i
357693.238119,KeyUp,78,n
357693.2827755,KeyUp,73,i
357693.3425919,KeyDown,32,space
357693.4028398,KeyDown,13,enter
357693.4319545,KeyUp,32,space
357693.4868159,KeyUp,13,enter
357694.7202024,KeyDown,83,s
357694.8404762,KeyDown,85,u
357694.8547379,KeyUp,83,s
357694.9004249,KeyUp,85,u
357695.0541489,KeyDown,71,g
357695.1283874,KeyUp,71,g
357695.1680128,KeyDown,79,o
357695.2475317,KeyUp,79,o
357695.2578796,KeyDown,83,s
357695.3417077,KeyDown,85,u
357695.3713113,KeyUp,83,s
357695.3965123,KeyUp,85,u
357695.9713297,KeyDown,84,t
357696.082425,KeyDown,65,a
357696.127939,KeyUp,84,t
357696.2020963,KeyUp,65,a
357696.3117677,KeyDown,77,m
357696.3873547,KeyDown,69,e
357696.3978637,KeyUp,77,m
357696.4908406,KeyUp,69,e
357696.5281553,KeyDown,32,space
357696.5797426,KeyDown,13,enter
357696.6096005,KeyUp,13,enter
357696.6245563,KeyUp,32,space
357697.4701568,KeyDown,78,n
357697.5460578,KeyDown,73,i
357697.5799156,KeyUp,78,n
357697.6293507,KeyUp,73,i
357697.7842633,KeyDown,13,enter
357697.878885,KeyUp,13,enter
357698.0931948,KeyDown,73,i
357698.1764024,KeyUp,73,i
357698.2560909,KeyDown,69,e
357698.3611585,KeyUp,69,e
357698.5998726,KeyDown,84,t
357698.6888114,KeyUp,84,t
357698.699251,KeyDown,79,o
357698.7736305,KeyUp,79,o
357698.8769332,KeyDown,73,i
357698.978163,KeyUp,73,i
357699.0033419,KeyDown,85,u
357699.0715246,KeyUp,85,u
357699.0965376,KeyDown,32,space
357699.2265029,KeyUp,32,space
357700.3260402,KeyDown,66,b
357700.4201525,KeyDown,65,a
357700.5192,KeyUp,66,b
357700.5692265,KeyUp,65,a
357700.6640192,KeyDown,83,s
357700.7730141,KeyDown,89,y
357700.8180669,KeyUp,83,s
357700.8279786,KeyDown,79,o
357700.8934235,KeyUp,89,y
357700.9536952,KeyUp,79,o
357702.0314488,KeyDown,87,w
357702.1509316,KeyDown,79,o
357702.1617778,KeyUp,87,w
357702.2104836,KeyUp,79,o
357702.3247574,KeyDown,32,space
357702.4402543,KeyUp,32,space
357702.5046387,KeyDown,13,enter
357702.6032562,KeyUp,13,enter
357703.1656665,KeyDown,84,t
357703.2600997,KeyUp,84,t
357703.2696961,KeyDown,85,u
357703.345338,KeyUp,85,u
357703.4700075,KeyDown,75,k
357703.574029,KeyUp,75,k
357703.6135215,KeyDown,85,u
357703.6828262,KeyUp,85,u
357703.8629384,KeyDown,82,r
357703.9518704,KeyUp,82,r
357703.9768848,KeyDown,73,i
357704.0462767,KeyUp,73,i
357704.1610694,KeyDown,77,m
357704.2450072,KeyUp,77,m
357704.2555393,KeyDown,65,a
357704.3848532,KeyUp,65,a
357704.4491247,KeyDown,83,s
357704.4886455,KeyDown,85,u
357704.5442022,KeyUp,83,s
357704.5833289,KeyUp,85,u
357704.6282033,KeyDown,32,space
357704.688162,KeyUp,32,space
357705.0810777,KeyDown,188,","
357705.1213286,KeyUp,188,","
357705.5250448,KeyDown,8,backspace
357705.6380394,KeyUp,8,backspace
357706.0268988,KeyDown,190,.
357706.0808853,KeyUp,190,.
357706.1652141,KeyDown,13,enter
357706.2359063,KeyUp,13,enter
357706.509827,KeyDown,73,i
357706.5886529,KeyUp,73,i
357706.6630239,KeyDown,69,e
357706.7675704,KeyUp,69,e
357706.8270889,KeyDown,78,n
357706.8995012,KeyDown,73,i
357706.9278037,KeyUp,78,n
357706.9964075,KeyUp,73,i
357707.0615761,KeyDown,72,h
357707.1258998,KeyDown,65,a
357707.1451701,KeyUp,72,h
357707.2456378,KeyUp,65,a
357707.2796483,KeyDown,32,space
357707.319206,KeyDown,13,enter
357707.3690151,KeyUp,32,space
357707.3938431,KeyUp,13,enter
357708.0908202,KeyDown,188,","
357708.1408484,KeyUp,188,","
357708.2351204,KeyDown,13,enter
357708.3091869,KeyUp,13,enter
357708.4493446,KeyDown,65,a
357708.5787046,KeyUp,65,a
357708.6677058,KeyDown,77,m
357708.7277128,KeyDown,69,e
357708.7367648,KeyUp,77,m
357708.8384472,KeyUp,69,e
357709.6480768,KeyDown,89,y
357709.7130887,KeyUp,89,y
357709.7224237,KeyDown,65,a
357709.822275,KeyDown,32,space
357709.8323372,KeyUp,65,a
357709.8980207,KeyDown,13,enter
357709.9165978,KeyUp,32,space
357709.9868974,KeyUp,13,enter
357710.494296,KeyDown,75,k
357710.5633471,KeyUp,75,k
357710.5721788,KeyDown,65,a
357710.6783498,KeyUp,65,a
357710.8572357,KeyDown,90,z
357711.0461,KeyUp,90,z
357711.0758301,KeyDown,69,e
357711.1102101,KeyUp,69,e
357711.4937468,KeyDown,87,w
357711.6138554,KeyUp,87,w
357711.6218038,KeyDown,79,o
357711.6768858,KeyUp,79,o
357711.7414636,KeyDown,32,space
357711.8373108,KeyDown,13,enter
357711.8464123,KeyUp,32,space
357711.9206712,KeyUp,13,enter
357712.8517867,KeyDown,70,f
357712.9310771,KeyUp,70,f
357712.9548903,KeyDown,85,u
357713.0197269,KeyUp,85,u
357713.1641414,KeyDown,83,s
357713.2885537,KeyDown,69,e
357713.3487593,KeyUp,83,s
357713.3730663,KeyUp,69,e
357713.6521874,KeyDown,71,g
357713.7515757,KeyUp,71,g
357713.7656887,KeyDown,73,i
357713.836856,KeyUp,73,i
357713.8913821,KeyDown,32,space
357713.9643507,KeyUp,32,space
357714.2781332,KeyDown,188,","
357714.3331808,KeyUp,188,","
357714.4785347,KeyDown,13,enter
357714.5372144,KeyUp,13,enter
357715.7409337,KeyDown,78,n
357715.8158686,KeyDown,65,a
357715.8257207,KeyUp,78,n
357715.9638633,KeyUp,65,a
357716.104215,KeyDown,84,t
357716.1843155,KeyUp,84,t
357716.1928464,KeyDown,85,u
357716.2535105,KeyUp,85,u
357716.3932324,KeyDown,78,n
357716.4665104,KeyDown,79,o
357716.5380615,KeyUp,78,n
357716.5758223,KeyUp,79,o
357716.585713,KeyDown,65,a
357716.7201135,KeyUp,65,a
357716.8952417,KeyDown,84,t
357716.9790231,KeyUp,84,t
357716.985639,KeyDown,85,u
357717.0638973,KeyUp,85,u
357717.1392421,KeyDown,83,s
357717.2529926,KeyDown,65,a
357717.3379678,KeyUp,83,s
357717.4072503,KeyUp,65,a
357717.6761297,KeyDown,89,y
357717.7458194,KeyDown,65,a
357717.7544886,KeyUp,89,y
357717.8456242,KeyUp,65,a
357717.8553124,KeyDown,32,space
357717.9188806,KeyDown,13,enter
357717.9636237,KeyUp,32,space
357718.0082278,KeyUp,13,enter
357719.1639326,KeyDown,70,f
357719.2577878,KeyUp,70,f
357719.2871703,KeyDown,85,u
357719.356935,KeyUp,85,u
357719.6069223,KeyDown,89,y
357719.7060547,KeyDown,85,u
357719.7157627,KeyUp,89,y
357719.7960631,KeyUp,85,u
357719.9697422,KeyDown,78,n
357720.0433806,KeyDown,79,o
357720.0682137,KeyUp,78,n
357720.1478483,KeyUp,79,o
357720.2180232,KeyDown,32,space
357720.281819,KeyDown,13,enter
357720.3317057,KeyUp,32,space
357720.3713094,KeyUp,13,enter
357720.8014169,KeyDown,83,s
357720.9143723,KeyDown,65,a
357720.9934343,KeyUp,83,s
357721.0677527,KeyUp,65,a
357721.1435355,KeyDown,77,m
357721.2224977,KeyUp,77,m
357721.3477093,KeyDown,85,u
357721.4214078,KeyUp,85,u
357721.7097668,KeyDown,83,s
357721.7861808,KeyDown,65,a
357721.9042717,KeyUp,83,s
357721.964123,KeyUp,65,a
357722.4368901,KeyDown,75,k
357722.5258244,KeyUp,75,k
357722.5356889,KeyDown,65,a
357722.6402133,KeyUp,65,a
357722.7101457,KeyDown,82,r
357722.8002731,KeyDown,65,a
357722.8588019,KeyUp,82,r
357722.8934313,KeyDown,32,space
357722.9139679,KeyUp,65,a
357722.958069,KeyDown,13,enter
357723.0030997,KeyUp,32,space
357723.0377653,KeyUp,13,enter
357724.2675526,KeyDown,75,k
357724.3113916,KeyDown,65,a
357724.3813829,KeyUp,75,k
357724.4459829,KeyUp,65,a
357724.5006787,KeyDown,82,r
357724.5803786,KeyDown,65,a
357724.6404362,KeyUp,82,r
357724.6845945,KeyUp,65,a
357724.809617,KeyDown,68,d
357724.9242151,KeyDown,65,a
357724.9636641,KeyUp,68,d
357725.0581245,KeyUp,65,a
357725.126927,KeyDown,87,w
357725.2168257,KeyDown,79,o
357725.2416387,KeyUp,87,w
357725.2922949,KeyUp,79,o
357725.3409362,KeyDown,32,space
357725.4207749,KeyDown,13,enter
357725.4552563,KeyUp,32,space
357725.5004955,KeyUp,13,enter
357726.0281276,KeyDown,77,m
357726.0976145,KeyDown,65,a
357726.1173438,KeyUp,77,m
357726.2615975,KeyUp,65,a
357726.3616485,KeyDown,77,m
357726.456157,KeyDown,79,o
357726.51517,KeyUp,77,m
357726.565033,KeyUp,79,o
357726.7547124,KeyDown,82,r
357726.8448078,KeyUp,82,r
357726.8839686,KeyDown,85,u
357726.9630548,KeyUp,85,u
357727.027171,KeyDown,32,space
357727.0826162,KeyDown,13,enter
357727.1329453,KeyUp,32,space
357727.1664549,KeyUp,13,enter
357727.3066297,KeyDown,84,t
357727.4156191,KeyUp,84,t
357727.4865317,KeyDown,79,o
357727.5859927,KeyUp,79,o
357727.6240446,KeyDown,89,y
357727.6995578,KeyUp,89,y
357727.7298961,KeyDown,73,i
357727.8282118,KeyUp,73,i
357727.8481819,KeyDown,85,u
357727.9180949,KeyUp,85,u
357728.1533277,KeyDown,8,backspace
357728.2263306,KeyUp,8,backspace
357728.3015158,KeyDown,8,backspace
357728.3702013,KeyUp,8,backspace
357729.0322365,KeyDown,73,i
357729.0418246,KeyDown,79,o
357729.087126,KeyUp,79,o
357729.1165654,KeyUp,73,i
357729.1712913,KeyDown,85,u
357729.2418597,KeyUp,85,u
357729.3650121,KeyDown,32,space
357729.4544462,KeyUp,32,space
357729.8874062,KeyDown,8,backspace
357729.9770628,KeyUp,8,backspace
357730.051431,KeyDown,8,backspace
357730.1114341,KeyUp,8,backspace
357730.181118,KeyDown,8,backspace
357730.2654303,KeyUp,8,backspace
357730.6046357,KeyDown,73,i
357730.724034,KeyUp,73,i
357730.7340898,KeyDown,85,u
357730.7947291,KeyUp,85,u
357730.9472641,KeyDown,13,enter
357731.0466179,KeyUp,13,enter
357733.5044628,KeyDown,8,backspace
357733.5732326,KeyUp,8,backspace
357733.6481051,KeyDown,8,backspace
357733.7234385,KeyUp,8,backspace
357734.320528,KeyDown,8,backspace
357734.3890593,KeyUp,8,backspace
357734.4842654,KeyDown,84,t
357734.558476,KeyDown,65,a
357734.6387348,KeyUp,84,t
357734.8179337,KeyUp,65,a
357736.5046389,KeyDown,77,m
357736.6031736,KeyUp,77,m
357736.6131195,KeyDown,69,e
357736.7037623,KeyDown,78,n
357736.7133404,KeyUp,69,e
357736.7779858,KeyDown,79,o
357736.8118614,KeyUp,78,n
357736.8824395,KeyUp,79,o
357736.9514402,KeyDown,32,space
357737.0155881,KeyDown,13,enter
357737.0652807,KeyUp,32,space
357737.1156355,KeyUp,13,enter
357737.5931094,KeyDown,84,t
357737.6990475,KeyDown,65,a
357737.7484534,KeyUp,84,t
357737.8078369,KeyUp,65,a
357737.8718277,KeyDown,73,i
357737.9217453,KeyDown,83,s
357737.936694,KeyUp,73,i
357738.0414745,KeyDown,69,e
357738.11088,KeyUp,83,s
357738.1613342,KeyUp,69,e
357738.3448557,KeyDown,84,t
357738.4388136,KeyUp,84,t
357738.4589637,KeyDown,85,u
357738.5234534,KeyUp,85,u
357738.6747633,KeyDown,78,n
357738.7584041,KeyDown,65,a
357738.7868209,KeyUp,78,n
357738.8771831,KeyUp,65,a
357738.9009608,KeyDown,32,space
357738.9611781,KeyDown,13,enter
357739.0002749,KeyUp,32,space
357739.035174,KeyUp,13,enter
357740.0653241,KeyDown,72,h
357740.1350686,KeyUp,72,h
357740.1444557,KeyDown,65,a
357740.2645203,KeyUp,65,a
357740.3788867,KeyDown,84,t
357740.4588771,KeyDown,65,a
357740.504173,KeyUp,84,t
357740.5778736,KeyUp,65,a
357740.7176111,KeyDown,82,r
357740.8070993,KeyDown,65,a
357740.8659817,KeyUp,82,r
357740.9311263,KeyUp,65,a
357741.0004504,KeyDown,75,k
357741.066762,KeyUp,75,k
357741.1449082,KeyDown,73,i
357741.20998,KeyUp,73,i
357741.2444114,KeyDown,71,g
357741.3386892,KeyDown,65,a
357741.3888648,KeyUp,71,g
357741.4029839,KeyDown,32,space
357741.4477055,KeyUp,65,a
357741.4633719,KeyDown,13,enter
357741.5125568,KeyUp,32,space
357741.5521354,KeyUp,13,enter
357741.6478505,KeyDown,65,a
357741.796877,KeyUp,65,a
357741.9114767,KeyDown,82,r
357742.0003489,KeyUp,82,r
357742.010957,KeyDown,73,i
357742.0698053,KeyUp,73,i
357742.1745568,KeyDown,77,m
357742.2145896,KeyDown,65,a
357742.2594043,KeyUp,77,m
357742.3039917,KeyUp,65,a
357742.3639692,KeyDown,83,s
357742.4485213,KeyDown,85,u
357742.4883834,KeyUp,83,s
357742.512408,KeyUp,85,u
357742.5570371,KeyDown,32,space
357742.6171267,KeyUp,32,space
357742.7919449,KeyDown,190,.
357742.8558948,KeyUp,190,.
357742.980316,KeyDown,13,enter
357742.9897581,KeyDown,219,[
357743.029966,KeyUp,13,enter
357743.0400771,KeyUp,219,[
357743.488188,KeyDown,8,backspace
357743.5474378,KeyUp,8,backspace
357745.467266,KeyDown,73,i
357745.5524166,KeyUp,73,i
357745.6023304,KeyDown,69,e
357745.7323295,KeyUp,69,e
357745.8052259,KeyDown,78,n
357745.8302871,KeyDown,77,m
357745.859815,KeyUp,77,m
357745.889913,KeyDown,79,o
357745.9198014,KeyUp,78,n
357745.9943018,KeyUp,79,o
357746.1799099,KeyDown,75,k
357746.2534769,KeyDown,65,a
357746.2675184,KeyUp,75,k
357746.3779066,KeyUp,65,a
357746.5664706,KeyDown,66,b
357746.6778874,KeyDown,69,e
357746.7414128,KeyUp,66,b
357746.805126,KeyUp,69,e
357747.7595386,KeyDown,8,backspace
357747.834089,KeyUp,8,backspace
357747.9187048,KeyDown,8,backspace
357747.9782345,KeyUp,8,backspace
357748.0586409,KeyDown,8,backspace
357748.1126551,KeyUp,8,backspace
357748.192924,KeyDown,8,backspace
357748.2668622,KeyUp,8,backspace
357748.6712099,KeyDown,78,n
357748.7300788,KeyDown,79,o
357748.7800762,KeyUp,78,n
357748.8197578,KeyUp,79,o
357748.9496384,KeyDown,75,k
357749.0239114,KeyDown,65,a
357749.033117,KeyUp,75,k
357749.1585692,KeyUp,65,a
357749.3745821,KeyDown,66,b
357749.4719382,KeyDown,69,e
357749.5609305,KeyUp,66,b
357749.6161775,KeyUp,69,e
357750.1531993,KeyDown,78,n
357750.2529519,KeyDown,73,i
357750.3136481,KeyUp,78,n
357750.3615516,KeyUp,73,i
357751.6268447,KeyDown,8,backspace
357751.7690697,KeyUp,8,backspace
357752.1283225,KeyDown,89,y
357752.1970799,KeyUp,89,y
357752.4067498,KeyDown,32,space
357752.525385,KeyUp,32,space
357752.5809916,KeyDown,65,a
357752.8600976,KeyUp,65,a
357752.9970052,KeyDown,13,enter
357753.1176825,KeyUp,13,enter
357754.1723622,KeyDown,8,backspace
357754.2527548,KeyUp,8,backspace
357754.336605,KeyDown,8,backspace
357754.4060712,KeyUp,8,backspace
357754.8495997,KeyDown,89,y
357754.9141668,KeyUp,89,y
357754.9236718,KeyDown,65,a
357755.0187743,KeyUp,65,a
357755.3769371,KeyDown,13,enter
357755.4556616,KeyUp,13,enter
357756.7696773,KeyDown,89,y
357756.839481,KeyUp,89,y
357756.8793639,KeyDown,65,a
357756.9888624,KeyUp,65,a
357757.0833728,KeyDown,78,n
357757.1531844,KeyDown,69,e
357757.1620776,KeyUp,78,n
357757.2520879,KeyUp,69,e
357757.3576142,KeyDown,87,w
357757.387077,KeyDown,79,o
357757.4856698,KeyUp,87,w
357757.5206111,KeyUp,79,o
357757.5813229,KeyDown,32,space
357757.6566976,KeyDown,13,enter
357757.6792962,KeyUp,32,space
357757.744029,KeyUp,13,enter
357758.3816415,KeyDown,84,t
357758.4755706,KeyUp,84,t
357758.4855028,KeyDown,85,u
357758.5507406,KeyUp,85,u
357758.6697822,KeyDown,75,k
357758.7847804,KeyDown,85,u
357758.7994003,KeyUp,75,k
357758.8634222,KeyUp,85,u
357758.9237979,KeyDown,82,r
357759.0231511,KeyDown,85,u
357759.0327128,KeyUp,82,r
357759.0880969,KeyUp,85,u
357759.1430552,KeyDown,32,space
357759.2265564,KeyDown,13,enter
357759.2666275,KeyUp,32,space
357759.3316459,KeyUp,13,enter
357760.4258974,KeyDown,84,t
357760.5108556,KeyDown,65,a
357760.5708182,KeyUp,84,t
357760.6405889,KeyUp,65,a
357760.9086633,KeyDown,77,m
357761.0082536,KeyDown,69,e
357761.0223937,KeyUp,77,m
357761.1084866,KeyUp,69,e
357761.116777,KeyDown,78,n
357761.186732,KeyDown,73,i
357761.2217718,KeyUp,78,n
357761.2920856,KeyUp,73,i
357761.3315553,KeyDown,72,h
357761.3906371,KeyDown,65,a
357761.4157531,KeyUp,72,h
357761.4904481,KeyDown,32,space
357761.4999396,KeyUp,65,a
357761.5702987,KeyDown,13,enter
357761.6103983,KeyUp,32,space
357761.6545928,KeyUp,13,enter
357763.1075653,KeyDown,188,","
357763.1819308,KeyUp,188,","
357763.2811735,KeyDown,13,enter
357763.3701575,KeyUp,13,enter
357763.6350883,KeyDown,75,k
357763.6994188,KeyUp,75,k
357763.783887,KeyDown,73,i
357763.8588127,KeyUp,73,i
357763.9283992,KeyDown,89,y
357764.0025436,KeyUp,89,y
357764.0169851,KeyDown,65,a
357764.1219013,KeyUp,65,a
357764.1412493,KeyDown,32,space
357764.2506236,KeyUp,32,space
357765.6588326,KeyDown,84,t
357765.7642235,KeyUp,84,t
357765.7785405,KeyDown,85,u
357765.8532619,KeyUp,85,u
357766.2454331,KeyDown,84,t
357766.3452309,KeyUp,84,t
357766.3812298,KeyDown,73,i
357766.4647501,KeyUp,73,i
357766.6792177,KeyDown,89,y
357766.7484746,KeyDown,65,a
357766.7678397,KeyUp,89,y
357766.863146,KeyUp,65,a
357766.8976349,KeyDown,32,space
357766.9779301,KeyDown,13,enter
357767.0264887,KeyUp,32,space
357767.0870647,KeyUp,13,enter
357767.6631987,KeyDown,8,backspace
357767.7080411,KeyUp,8,backspace
357768.3154697,KeyDown,89,y
357768.3855711,KeyUp,89,y
357768.394951,KeyDown,65,a
357768.5207471,KeyUp,65,a
357768.9726364,KeyDown,13,enter
357769.0713285,KeyUp,13,enter
357769.6388819,KeyDown,73,i
357769.7131762,KeyUp,73,i
357769.7229567,KeyDown,83,s
357769.80354,KeyUp,83,s
357769.8528462,KeyDown,73,i
357769.9327267,KeyUp,73,i
357770.2604812,KeyDown,78,n
357770.3703528,KeyUp,78,n
357770.5206959,KeyDown,65,a
357770.6683343,KeyUp,65,a
357770.8477749,KeyDown,68,d
357770.957817,KeyUp,68,d
357770.9665135,KeyDown,79,o
357771.0418026,KeyUp,79,o
357771.1214712,KeyDown,32,space
357771.220378,KeyUp,32,space
357771.7533202,KeyDown,13,enter
357771.8622182,KeyUp,13,enter
357773.3648327,KeyDown,188,","
357773.4345697,KeyUp,188,","
357773.5390054,KeyDown,13,enter
357773.6322812,KeyUp,13,enter
357773.9015135,KeyDown,84,t
357773.9810659,KeyDown,65,a
357774.0503739,KeyUp,84,t
357774.1305083,KeyUp,65,a
357774.21514,KeyDown,75,k
357774.3092882,KeyUp,75,k
357774.3497281,KeyDown,85,u
357774.4336176,KeyUp,85,u
357774.4434738,KeyDown,83,s
357774.53401,KeyDown,65,a
357774.6224497,KeyUp,83,s
357774.6771885,KeyUp,65,a
357774.7823796,KeyDown,78,n
357774.8466524,KeyUp,78,n
357774.9414471,KeyDown,78,n
357775.0005137,KeyUp,78,n
357775.0506631,KeyDown,78,n
357775.0951538,KeyDown,79,o
357775.1055495,KeyUp,78,n
357775.1501442,KeyUp,79,o
357775.2149403,KeyDown,32,space
357775.3283812,KeyUp,32,space
357776.8461233,KeyDown,90,z
357776.9551161,KeyUp,90,z
357777.0493912,KeyDown,65,a
357777.174197,KeyUp,65,a
357777.3332717,KeyDown,73,i
357777.4074883,KeyUp,73,i
357777.9459144,KeyDown,82,r
357778.0248334,KeyDown,89,y
357778.0696773,KeyUp,82,r
357778.0937871,KeyDown,79,o
357778.1141446,KeyUp,89,y
357778.1994082,KeyDown,85,u
357778.2283136,KeyUp,79,o
357778.2934813,KeyUp,85,u
357778.3680142,KeyDown,71,g
357778.4478426,KeyDown,65,a
357778.5127444,KeyUp,71,g
357778.5224628,KeyDown,32,space
357778.5765595,KeyUp,65,a
357778.6361567,KeyDown,13,enter
357778.655794,KeyUp,32,space
357778.7405345,KeyUp,13,enter
357779.8356962,KeyDown,84,t
357779.9499711,KeyUp,84,t
357779.9641071,KeyDown,85,u
357780.0343169,KeyUp,85,u
357780.1735348,KeyDown,75,k
357780.1931206,KeyDown,65,a
357780.2679776,KeyUp,75,k
357780.30818,KeyUp,65,a
357780.3776727,KeyDown,87,w
357780.4574834,KeyDown,65,a
357780.571004,KeyUp,87,w
357780.5809579,KeyUp,65,a
357780.7508687,KeyDown,82,r
357780.8403127,KeyDown,69,e
357780.9494367,KeyUp,82,r
357781.004294,KeyUp,69,e
357781.2285094,KeyDown,77,m
357781.3121434,KeyDown,65,a
357781.3423384,KeyUp,77,m
357781.4166496,KeyUp,65,a
357781.5657462,KeyDown,83,s
357781.6802166,KeyDown,85,u
357781.6901247,KeyUp,83,s
357781.7552239,KeyUp,85,u
357781.8006456,KeyDown,32,space
357781.8793054,KeyUp,32,space
357782.5083669,KeyDown,190,.
357782.5757886,KeyUp,190,.
357782.6950083,KeyDown,13,enter
357782.7643304,KeyUp,13,enter
358386.3698082,KeyUp,13,enter
358389.28922,KeyUp,243,<243>
358389.2894781,KeyDown,244,<244>
358390.7569711,KeyDown,87,w
358390.8562653,KeyDown,65,a
358390.9359172,KeyUp,87,w
358390.9758847,KeyUp,65,a
358391.0255153,KeyDown,84,t
358391.0851749,KeyDown,65,a
358391.1600956,KeyUp,84,t
358391.2046809,KeyUp,65,a
358391.2895675,KeyDown,83,s
358391.404563,KeyDown,73,i
358391.4142872,KeyUp,83,s
358391.4980849,KeyUp,73,i
358391.6774524,KeyDown,84,t
358391.7468405,KeyDown,65,a
358391.8314597,KeyUp,84,t
358391.8962501,KeyUp,65,a
358392.1647514,KeyDown,84,t
358392.2394374,KeyUp,84,t
358392.249887,KeyDown,73,i
358392.3249712,KeyUp,73,i
358392.3897286,KeyDown,78,n
358392.4882213,KeyDown,79,o
358392.5081028,KeyUp,78,n
358392.6026348,KeyUp,79,o
358392.6223028,KeyDown,32,space
358392.7369308,KeyDown,13,enter
358392.776872,KeyUp,32,space
358392.8265114,KeyUp,13,enter
358393.6779097,KeyDown,83,s
358393.7966345,KeyDown,85,u
358393.8075383,KeyUp,83,s
358393.8566242,KeyUp,85,u
358394.0307742,KeyDown,77,m
358394.1250482,KeyUp,77,m
358394.2200076,KeyDown,85,u
358394.2844287,KeyUp,85,u
358394.3647009,KeyDown,32,space
358394.4481342,KeyDown,13,enter
358394.4630926,KeyUp,32,space
358394.5478277,KeyUp,13,enter
358395.5777188,KeyDown,84,t
358395.6422,KeyUp,84,t
358395.6719606,KeyDown,73,i
358395.7469818,KeyUp,73,i
358395.8859772,KeyDown,75,k
358395.9855111,KeyUp,75,k
358396.0952202,KeyDown,89,y
358396.1695299,KeyDown,85,u
358396.1796229,KeyUp,89,y
358396.4282197,KeyUp,85,u
358397.0407647,KeyDown,85,u
358397.1148863,KeyUp,85,u
358397.53292,KeyDown,78,n
358397.5976839,KeyDown,73,i
358397.6325114,KeyUp,78,n
358397.7121718,KeyUp,73,i
358397.7417833,KeyDown,72,h
358397.791944,KeyDown,65,a
358397.8314576,KeyUp,72,h
358397.8863058,KeyUp,65,a
358397.8965367,KeyDown,32,space
358397.9905191,KeyDown,13,enter
358398.0403187,KeyUp,32,space
358398.0800709,KeyUp,13,enter
358399.1699417,KeyDown,188,","
358399.2393314,KeyUp,188,","
358399.3148486,KeyDown,13,enter
358399.4084069,KeyUp,13,enter
358399.7373451,KeyDown,72,h
358399.8166905,KeyDown,79,o
358399.8365592,KeyUp,72,h
358399.8863848,KeyUp,79,o
358400.0007857,KeyDown,78,n
358400.0655996,KeyUp,78,n
358400.1303896,KeyDown,78,n
358400.2099578,KeyUp,78,n
358400.275225,KeyDown,84,t
358400.3349469,KeyDown,79,o
358400.3448617,KeyUp,84,t
358400.408707,KeyUp,79,o
358400.4385783,KeyDown,85,u
358400.4984776,KeyUp,85,u
358400.6080414,KeyDown,78,n
358400.6776909,KeyDown,73,i
358400.7072073,KeyUp,78,n
358400.7669444,KeyUp,73,i
358400.8114369,KeyDown,32,space
358400.8862581,KeyDown,13,enter
358400.9160118,KeyUp,32,space
358400.980702,KeyUp,13,enter
358401.9611111,KeyDown,84,t
358402.0405319,KeyDown,65,a
358402.0704026,KeyUp,84,t
358402.1664751,KeyDown,75,k
358402.1796669,KeyUp,65,a
358402.2495789,KeyUp,75,k
358402.2850434,KeyDown,85,u
358402.3501229,KeyUp,85,u
358402.3600606,KeyDown,83,s
358402.438626,KeyDown,65,a
358402.4933837,KeyUp,83,s
358402.542996,KeyUp,65,a
358402.6226479,KeyDown,78,n
358402.6973724,KeyUp,78,n
358402.7672401,KeyDown,78,n
358402.8367788,KeyUp,78,n
358402.8873397,KeyDown,78,n
358402.9360496,KeyUp,78,n
358402.9458953,KeyDown,79,o
358403.0255922,KeyUp,79,o
358403.0542538,KeyDown,32,space
358403.1497622,KeyDown,13,enter
358403.169602,KeyUp,32,space
358403.2044666,KeyUp,13,enter
358404.2354633,KeyDown,83,s
358404.3148827,KeyDown,89,y
358404.3644023,KeyUp,83,s
358404.3788644,KeyDown,85,u
358404.3936976,KeyUp,89,y
358404.4559627,KeyUp,85,u
358404.6134418,KeyDown,82,r
358404.6923855,KeyUp,82,r
358404.7074028,KeyDown,85,u
358404.7671321,KeyUp,85,u
358404.8566571,KeyDown,73,i
358404.9313292,KeyUp,73,i
358404.9905065,KeyDown,32,space
358405.0658532,KeyDown,13,enter
358405.0749106,KeyUp,32,space
358405.1598768,KeyUp,13,enter
358406.4191231,KeyDown,78,n
358406.5136907,KeyDown,79,o
358406.5481888,KeyUp,78,n
358406.5978671,KeyUp,79,o
358406.726983,KeyDown,13,enter
358406.7380012,KeyDown,219,[
358406.7433748,KeyUp,219,[
358406.7866775,KeyUp,13,enter
358406.9624091,KeyDown,73,i
358407.0309829,KeyUp,73,i
358407.4932564,KeyDown,8,backspace
358407.5873392,KeyUp,8,backspace
358407.896508,KeyDown,8,backspace
358407.9857906,KeyUp,8,backspace
358409.5140986,KeyDown,73,i
358409.5580177,KeyUp,73,i
358409.6726614,KeyDown,75,k
358409.7318529,KeyUp,75,k
358409.8018229,KeyDown,73,i
358409.8760007,KeyUp,73,i
358412.1292245,KeyDown,77,m
358412.2194501,KeyDown,79,o
358412.2543409,KeyUp,77,m
358412.3136572,KeyUp,79,o
358412.3982301,KeyDown,78,n
358412.4629169,KeyDown,79,o
358412.5126452,KeyUp,78,n
358412.5772951,KeyUp,79,o
358412.6418887,KeyDown,32,space
358412.7356204,KeyUp,32,space
358413.1533792,KeyDown,13,enter
358413.2438438,KeyUp,13,enter
358415.1503255,KeyDown,71,g
358415.1632559,KeyDown,65,a
358415.294328,KeyUp,71,g
358415.3435984,KeyUp,65,a
358415.7902637,KeyDown,90,z
358415.8760508,KeyUp,90,z
358416.5115594,KeyDown,8,backspace
358416.6207829,KeyUp,8,backspace
358416.6667314,KeyDown,83,s
358416.750273,KeyUp,83,s
358417.0441085,KeyDown,79,o
358417.1392928,KeyUp,79,o
358417.1685308,KeyDown,82,r
358417.2444628,KeyDown,69,e
358417.3372086,KeyUp,82,r
358417.3629392,KeyUp,69,e
358417.7063373,KeyDown,90,z
358417.8197619,KeyUp,90,z
358417.829483,KeyDown,79,o
358417.9052972,KeyUp,79,o
358418.3031459,KeyDown,82,r
358418.3823544,KeyDown,69,e
358418.4466089,KeyUp,82,r
358418.4866873,KeyUp,69,e
358418.5266785,KeyDown,13,enter
358418.6105186,KeyUp,13,enter
358437.0497207,KeyDown,78,n
358437.1294402,KeyDown,79,o
358437.1843158,KeyUp,78,n
358437.2482706,KeyUp,79,o
358437.3390689,KeyDown,66,b
358437.4420201,KeyDown,65,a
358437.5512555,KeyUp,66,b
358437.6111615,KeyUp,65,a
358437.8647146,KeyDown,83,s
358437.9938125,KeyDown,89,y
358438.0138177,KeyUp,83,s
358438.0487336,KeyDown,79,o
358438.1089928,KeyUp,89,y
358438.1785138,KeyUp,79,o
358438.27728,KeyDown,68,d
358438.3620403,KeyUp,68,d
358438.4267023,KeyDown,69,e
358438.4963938,KeyUp,69,e
358438.5209289,KeyDown,32,space
358438.6502627,KeyUp,32,space
358438.8243115,KeyDown,13,enter
358438.9237518,KeyUp,13,enter
358439.6861205,KeyDown,83,s
358439.7697233,KeyDown,69,e
358439.8644692,KeyUp,83,s
358439.89961,KeyUp,69,e
358439.9739095,KeyDown,73,i
358440.0583849,KeyUp,73,i
358440.1728778,KeyDown,75,k
358440.1977936,KeyDown,65,a
358440.2770625,KeyUp,65,a
358440.3071228,KeyUp,75,k
358440.5704691,KeyDown,84,t
358440.6465118,KeyUp,84,t
358440.6751055,KeyDown,85,u
358440.7445628,KeyUp,85,u
358440.7938884,KeyDown,32,space
358440.8990949,KeyDown,13,enter
358440.9183031,KeyUp,32,space
358440.942999,KeyUp,13,enter
358441.5455673,KeyDown,83,s
358441.6851106,KeyUp,83,s
358441.7195611,KeyDown,73,i
358441.789525,KeyUp,73,i
358441.8885198,KeyDown,84,t
358441.9739175,KeyDown,69,e
358442.0485435,KeyUp,84,t
358442.083858,KeyUp,69,e
358442.1589567,KeyDown,73,i
358442.2372172,KeyUp,73,i
358443.3022524,KeyDown,77,m
358443.3309259,KeyDown,65,a
358443.3861421,KeyUp,77,m
358443.4202535,KeyUp,65,a
358443.5049172,KeyDown,83,s
358443.5854124,KeyDown,85,u
358443.6092505,KeyUp,83,s
358443.6449771,KeyUp,85,u
358443.6885847,KeyDown,32,space
358443.7542139,KeyUp,32,space
358444.0429657,KeyDown,190,.
358444.1080678,KeyUp,190,.
358444.2311025,KeyDown,13,enter
358444.2906538,KeyUp,13,enter
358445.9638921,KeyDown,72,h
358446.0481326,KeyDown,73,i
358446.072468,KeyUp,72,h
358446.1362844,KeyUp,73,i
358446.3301789,KeyDown,82,r
358446.4000774,KeyUp,82,r
358446.4298177,KeyDown,79,o
358446.500508,KeyUp,79,o
358446.5851032,KeyDown,73,i
358446.6532061,KeyUp,73,i
358446.7131248,KeyDown,32,space
358446.81762,KeyUp,32,space
358448.1023014,KeyDown,85,u
358448.176261,KeyUp,85,u
358448.3100106,KeyDown,77,m
358448.394543,KeyDown,73,i
358448.4491848,KeyUp,77,m
358448.4834926,KeyUp,73,i
358448.6184437,KeyDown,78,n
358448.6880796,KeyDown,79,o
358448.7371806,KeyUp,78,n
358448.802299,KeyUp,79,o
358448.8616921,KeyDown,32,space
358448.9604878,KeyUp,32,space
358449.2349293,KeyDown,13,enter
358449.3284886,KeyUp,13,enter
358449.9011369,KeyDown,78,n
358449.9458044,KeyDown,65,a
358449.9805331,KeyUp,78,n
358450.0608357,KeyUp,65,a
358450.0953686,KeyDown,75,k
358450.1694472,KeyUp,75,k
358450.2339789,KeyDown,65,a
358450.3683661,KeyUp,65,a
358450.5822799,KeyDown,68,d
358450.6470843,KeyUp,68,d
358450.7177765,KeyDown,69,e
358450.8010336,KeyUp,69,e
358450.8454159,KeyDown,32,space
358450.9052048,KeyDown,13,enter
358450.9299896,KeyUp,32,space
358450.9949135,KeyUp,13,enter
358451.7854239,KeyDown,8,backspace
358451.8848751,KeyUp,8,backspace
358452.2548411,KeyDown,89,y
358452.3082087,KeyDown,65,a
358452.3282058,KeyUp,89,y
358452.4082499,KeyUp,65,a
358452.8653958,KeyDown,13,enter
358452.9599048,KeyUp,13,enter
358453.4680371,KeyDown,84,t
358453.5369991,KeyDown,65,a
358453.5666156,KeyUp,84,t
358453.6368578,KeyUp,65,a
358453.6962091,KeyDown,75,k
358453.7601585,KeyDown,65,a
358453.7757661,KeyUp,75,k
358453.8749143,KeyUp,65,a
358453.9045951,KeyDown,73,i
358453.9694167,KeyUp,73,i
358454.0395295,KeyDown,32,space
358454.1182335,KeyUp,32,space
358454.194747,KeyDown,13,enter
358454.2526863,KeyUp,13,enter
358455.7802434,KeyDown,89,y
358455.8497609,KeyDown,65,a
358455.8605095,KeyUp,89,y
358455.9697232,KeyUp,65,a
358456.0301815,KeyDown,77,m
358456.1142364,KeyUp,77,m
358456.1259514,KeyDown,65,a
358456.2285022,KeyUp,65,a
358456.7845919,KeyDown,32,space
358456.8599397,KeyUp,32,space
358457.0150824,KeyDown,13,enter
358457.1078186,KeyUp,13,enter
358457.9801194,KeyDown,78,n
358458.0400877,KeyDown,79,o
358458.0880449,KeyUp,78,n
358458.163794,KeyUp,79,o
358458.7045865,KeyDown,13,enter
358458.7890576,KeyUp,13,enter
358460.8142431,KeyDown,70,f
358460.8838784,KeyUp,70,f
358460.9090336,KeyDown,85,u
358460.9741475,KeyUp,85,u
358461.1022657,KeyDown,77,m
358461.1727449,KeyDown,79,o
358461.2273189,KeyUp,77,m
358461.2824086,KeyUp,79,o
358461.396243,KeyDown,84,t
358461.4655639,KeyDown,79,o
358461.4747981,KeyUp,84,t
358461.5249371,KeyUp,79,o
358461.5801148,KeyDown,32,space
358461.6339169,KeyDown,13,enter
358461.6438147,KeyUp,32,space
358461.7340045,KeyUp,13,enter
358462.6837136,KeyDown,78,n
358462.7388935,KeyDown,65,a
358462.7681952,KeyUp,78,n
358462.8475187,KeyUp,65,a
358462.9878285,KeyDown,68,d
358463.0667855,KeyDown,79,o
358463.0774774,KeyUp,68,d
358463.1370308,KeyUp,79,o
358463.1961756,KeyDown,32,space
358463.2303944,KeyUp,32,space
358463.6392969,KeyDown,188,","
358463.7037248,KeyUp,188,","
358463.837736,KeyDown,13,enter
358463.896919,KeyUp,13,enter
358464.8726484,KeyDown,65,a
358464.9929578,KeyUp,65,a
358465.1206773,KeyDown,82,r
358465.2165751,KeyDown,65,a
358465.2745948,KeyUp,82,r
358465.3394354,KeyUp,65,a
358465.6692407,KeyDown,89,y
358465.7277367,KeyDown,85,u
358465.7521998,KeyUp,89,y
358465.8379895,KeyUp,85,u
358465.9965443,KeyDown,82,r
358466.0759714,KeyUp,82,r
358466.0867906,KeyDown,85,u
358466.1704107,KeyUp,85,u
358466.2606645,KeyDown,32,space
358466.3490127,KeyUp,32,space
358466.6876836,KeyDown,13,enter
358466.7069403,KeyUp,13,enter
358467.6335234,KeyDown,65,a
358467.6422662,KeyDown,75,k
358467.7085004,KeyUp,75,k
358467.7521153,KeyUp,65,a
358467.7822554,KeyDown,78,n
358467.8515507,KeyUp,78,n
358467.9065101,KeyDown,78,n
358467.9719153,KeyUp,78,n
358468.0607759,KeyDown,75,k
358468.1350457,KeyUp,75,k
358468.2260978,KeyDown,89,y
358468.2999865,KeyUp,89,y
358468.3101269,KeyDown,79,o
358468.4094017,KeyDown,85,u
358468.4197879,KeyUp,79,o
358468.4847808,KeyUp,85,u
358468.5188355,KeyDown,32,space
358468.6177363,KeyUp,32,space
358469.0160358,KeyDown,8,backspace
358469.1166218,KeyUp,8,backspace
358469.1595917,KeyDown,8,backspace
358469.2397867,KeyUp,8,backspace
358469.3041506,KeyDown,8,backspace
358469.3884657,KeyUp,8,backspace
358469.4587902,KeyDown,8,backspace
358469.5240485,KeyUp,8,backspace
358469.5928032,KeyDown,8,backspace
358469.6575422,KeyUp,8,backspace
358469.7227302,KeyDown,8,backspace
358469.8062344,KeyUp,8,backspace
358470.290572,KeyDown,75,k
358470.3591335,KeyDown,65,a
358470.3701561,KeyUp,75,k
358470.4442293,KeyUp,65,a
358470.4880975,KeyDown,78,n
358470.5480186,KeyUp,78,n
358470.6036353,KeyDown,78,n
358470.6677134,KeyUp,78,n
358470.7419491,KeyDown,75,k
358470.8215533,KeyUp,75,k
358470.9024976,KeyDown,89,y
358470.9865751,KeyUp,89,y
358470.9975517,KeyDown,79,o
358471.100434,KeyDown,85,u
358471.1345091,KeyUp,79,o
358471.1845814,KeyUp,85,u
358471.314735,KeyDown,78,n
358471.4089385,KeyDown,73,i
358471.453612,KeyUp,78,n
358471.5186876,KeyUp,73,i
358471.5681668,KeyDown,72,h
358471.6479446,KeyDown,65,a
358471.6667759,KeyUp,72,h
358471.726411,KeyDown,32,space
358471.7362861,KeyUp,65,a
358471.8063094,KeyDown,13,enter
358471.8663532,KeyUp,32,space
358471.9114524,KeyUp,13,enter
358473.1003339,KeyDown,8,backspace
358473.2147872,KeyUp,8,backspace
358473.6532594,KeyDown,65,a
358473.7717594,KeyUp,65,a
358473.9959264,KeyDown,87,w
358474.070447,KeyDown,65,a
358474.1944881,KeyUp,87,w
358474.2044364,KeyUp,65,a
358474.3536936,KeyDown,83,s
358474.4283519,KeyDown,69,e
358474.4882528,KeyUp,83,s
358474.5327586,KeyUp,69,e
358474.6024988,KeyDown,84,t
358474.69708,KeyDown,69,e
358474.7616843,KeyUp,84,t
358474.7963599,KeyUp,69,e
358474.8060091,KeyDown,32,space
358474.8260345,KeyDown,13,enter
358474.8966797,KeyUp,32,space
358474.9364615,KeyUp,13,enter
358479.2845338,KeyDown,84,t
358479.3294558,KeyDown,65,a
358479.4147215,KeyUp,84,t
358479.4742904,KeyUp,65,a
358479.6078018,KeyDown,89,y
358479.6736807,KeyUp,89,y
358479.6828967,KeyDown,79,o
358479.7872436,KeyUp,79,o
358479.7969922,KeyDown,85,u
358479.8582231,KeyUp,85,u
358479.9865128,KeyDown,78,n
358480.0059561,KeyDown,65,a
358480.0953611,KeyUp,78,n
358480.1102094,KeyUp,65,a
358480.1598297,KeyDown,32,space
358480.2256929,KeyDown,13,enter
358480.264553,KeyUp,32,space
358480.314655,KeyUp,13,enter
358481.4885591,KeyDown,73,i
358481.574282,KeyUp,73,i
358481.6627593,KeyDown,78,n
358481.7421341,KeyDown,79,o
358481.7969305,KeyUp,78,n
358481.8625747,KeyUp,79,o
358482.0605174,KeyDown,84,t
358482.1501229,KeyUp,84,t
358482.1597896,KeyDown,73,i
358482.2346723,KeyUp,73,i
358482.31932,KeyDown,71,g
358482.4052023,KeyDown,65,a
358482.4586223,KeyUp,71,g
358482.4682197,KeyDown,32,space
358482.5180656,KeyDown,13,enter
358482.5281725,KeyUp,65,a
358482.5726441,KeyUp,32,space
358482.6323451,KeyUp,13,enter
358483.6029034,KeyDown,83,s
358483.717357,KeyUp,83,s
358483.7320016,KeyDown,79,o
358483.7820118,KeyUp,79,o
358483.8872436,KeyDown,78,n
358483.9458709,KeyUp,78,n
358484.0010975,KeyDown,78,n
358484.0508535,KeyUp,78,n
358484.0604319,KeyDown,90,z
358484.1503299,KeyUp,90,z
358484.219726,KeyDown,65,a
358484.3242535,KeyDown,73,i
358484.3390198,KeyUp,65,a
358484.3939158,KeyUp,73,i
358484.553055,KeyDown,83,s
358484.6624036,KeyDown,73,i
358484.6873352,KeyUp,83,s
358484.7370616,KeyUp,73,i
358484.8216867,KeyDown,84,t
358484.9121569,KeyDown,69,e
358484.9767317,KeyUp,84,t
358485.0205916,KeyUp,69,e
358485.1250724,KeyDown,73,i
358485.209711,KeyUp,73,i
358485.3042178,KeyDown,77,m
358485.343886,KeyDown,65,a
358485.3937039,KeyUp,77,m
358485.4346761,KeyUp,65,a
358485.4932484,KeyDown,83,s
358485.5529097,KeyDown,85,u
358485.6126697,KeyUp,83,s
358485.6375375,KeyUp,85,u
358485.6877564,KeyDown,32,space
358485.7620764,KeyDown,13,enter
358485.7866534,KeyUp,32,space
358485.8621572,KeyUp,13,enter
358486.5379815,KeyDown,190,.
358486.602608,KeyUp,190,.
358486.682238,KeyDown,13,enter
358486.7468345,KeyUp,13,enter
358487.4633355,KeyDown,83,s
358487.593794,KeyDown,79,o
358487.6030233,KeyUp,83,s
358487.6784769,KeyUp,79,o
358487.8180674,KeyDown,82,r
358487.8873294,KeyDown,69,e
358487.9661451,KeyUp,82,r
358487.9772324,KeyUp,69,e
358488.0911551,KeyDown,90,z
358488.1757564,KeyDown,79,o
358488.1848637,KeyUp,90,z
358488.274673,KeyUp,79,o
358488.4490947,KeyDown,82,r
358488.54473,KeyDown,69,e
358488.5989603,KeyUp,82,r
358488.6329165,KeyUp,69,e
358488.7281779,KeyDown,78,n
358488.818324,KeyDown,79,o
358488.8630124,KeyUp,78,n
358488.9181946,KeyUp,79,o
358489.0269672,KeyDown,75,k
358489.0605883,KeyDown,65,a
358489.0909406,KeyUp,75,k
358489.156237,KeyUp,65,a
358489.195944,KeyDown,78,n
358489.2548511,KeyUp,78,n
358489.3167027,KeyDown,78,n
358489.3756569,KeyUp,78,n
358489.5194625,KeyDown,75,k
358489.6087589,KeyUp,75,k
358489.7035285,KeyDown,89,y
358489.7734849,KeyUp,89,y
358489.7874799,KeyDown,79,o
358489.8925206,KeyUp,79,o
358489.9026116,KeyDown,85,u
358489.9664594,KeyUp,85,u
358490.0855027,KeyDown,78,n
358490.1504481,KeyDown,73,i
358490.1804605,KeyUp,78,n
358490.2447881,KeyUp,73,i
358490.3244769,KeyDown,32,space
358490.3839896,KeyDown,13,enter
358490.403629,KeyUp,32,space
358490.4785249,KeyUp,13,enter
358491.2048375,KeyDown,65,a
358491.314597,KeyUp,65,a
358491.4985214,KeyDown,8,backspace
358491.6083883,KeyUp,8,backspace
358494.0961329,KeyDown,65,a
358494.2055135,KeyUp,65,a
358494.2840928,KeyDown,87,w
358494.4292202,KeyDown,65,a
358494.4997434,KeyUp,87,w
358494.518609,KeyUp,65,a
358494.6440916,KeyDown,83,s
358494.7675065,KeyDown,69,e
358494.8180648,KeyUp,83,s
358494.887982,KeyUp,69,e
358494.9469538,KeyDown,84,t
358495.0364648,KeyDown,69,e
358495.1109521,KeyUp,84,t
358495.1356645,KeyUp,69,e
358495.1751263,KeyDown,32,space
358495.259701,KeyDown,13,enter
358495.314535,KeyUp,32,space
358495.3890884,KeyUp,13,enter
358500.5024501,KeyDown,8,backspace
358500.5970247,KeyUp,8,backspace
358500.6524289,KeyDown,8,backspace
358500.7414093,KeyUp,8,backspace
358500.8069439,KeyDown,8,backspace
358500.8806773,KeyUp,8,backspace
358500.955265,KeyDown,8,backspace
358501.0396902,KeyUp,8,backspace
358501.3438402,KeyDown,8,backspace
358501.422718,KeyUp,8,backspace
358501.5073036,KeyDown,8,backspace
358501.5819072,KeyUp,8,backspace
358502.0894262,KeyDown,8,backspace
358502.1592561,KeyUp,8,backspace
358502.7013826,KeyDown,73,i
358502.761862,KeyUp,73,i
358502.8366465,KeyDown,75,k
358502.9156373,KeyUp,75,k
358502.9750712,KeyDown,73,i
358503.0608296,KeyUp,73,i
358503.158998,KeyDown,77,m
358503.2385912,KeyDown,79,o
358503.2684744,KeyUp,77,m
358503.3133677,KeyUp,79,o
358503.3879011,KeyDown,78,n
358503.4478291,KeyDown,79,o
358503.4782206,KeyUp,78,n
358503.5420055,KeyUp,79,o
358503.726362,KeyDown,78,n
358503.7968801,KeyDown,73,i
358503.8408298,KeyUp,78,n
358503.9001884,KeyUp,73,i
358504.0992989,KeyDown,65,a
358504.1988678,KeyUp,65,a
358504.2932089,KeyDown,87,w
358504.4277446,KeyDown,65,a
358504.4674693,KeyUp,87,w
358504.5369704,KeyUp,65,a
358505.5026682,KeyDown,83,s
358505.5918207,KeyDown,69,e
358505.641575,KeyUp,83,s
358505.706179,KeyUp,69,e
358506.1886243,KeyDown,8,backspace
358506.2582452,KeyUp,8,backspace
358506.3528645,KeyDown,8,backspace
358506.4332547,KeyUp,8,backspace
358507.7061908,KeyDown,8,backspace
358507.7765965,KeyUp,8,backspace
358508.1338736,KeyDown,8,backspace
358508.2136742,KeyUp,8,backspace
358508.7268784,KeyDown,72,h
358508.7915606,KeyDown,65,a
358508.8016572,KeyUp,72,h
358508.8752509,KeyDown,32,space
358508.8901466,KeyUp,65,a
358508.9496802,KeyUp,32,space
358509.4025479,KeyDown,188,","
358509.4572151,KeyUp,188,","
358509.611299,KeyDown,13,enter
358509.671118,KeyUp,13,enter
358510.8306201,KeyDown,74,j
358510.8999787,KeyDown,73,i
358510.9149402,KeyUp,74,j
358511.0092901,KeyUp,73,i
358511.1186182,KeyDown,66,b
358511.1736718,KeyDown,85,u
358511.2130933,KeyUp,66,b
358511.2239153,KeyUp,85,u
358511.3624694,KeyDown,78,n
358511.4371376,KeyUp,78,n
358511.5117,KeyDown,78,n
358511.6411017,KeyUp,78,n
358511.6510294,KeyDown,79,o
358511.7315054,KeyUp,79,o
358511.7860034,KeyDown,32,space
358511.8746736,KeyDown,13,enter
358511.899538,KeyUp,32,space
358511.9444362,KeyUp,13,enter
358512.5820603,KeyDown,83,s
358512.7121051,KeyUp,83,s
358512.7219808,KeyDown,85,u
358512.7818502,KeyUp,85,u
358512.9299436,KeyDown,77,m
358512.9963311,KeyUp,77,m
358513.1051933,KeyDown,85,u
358513.1638133,KeyUp,85,u
358513.2233218,KeyDown,32,space
358513.3275692,KeyDown,13,enter
358513.3374035,KeyUp,32,space
358513.4274802,KeyUp,13,enter
358514.7955273,KeyDown,66,b
358514.8750099,KeyDown,65,a
358514.929811,KeyUp,66,b
358515.004468,KeyUp,65,a
358515.0790916,KeyDown,83,s
358515.1940565,KeyDown,89,y
358515.2033752,KeyUp,83,s
358515.2630948,KeyDown,79,o
358515.3079446,KeyUp,89,y
358515.3774366,KeyUp,79,o
358515.4473786,KeyDown,32,space
358515.5415327,KeyUp,32,space
358516.9998138,KeyDown,78,n
358517.0693162,KeyDown,79,o
358517.113853,KeyUp,78,n
358517.1636497,KeyUp,79,o
358517.2936068,KeyDown,75,k
358517.3634333,KeyUp,75,k
358517.4721661,KeyDown,73,i
358517.5467625,KeyUp,73,i
358517.6563038,KeyDown,75,k
358517.7565059,KeyDown,79,o
358517.8158048,KeyUp,75,k
358517.8851875,KeyUp,79,o
358517.924912,KeyDown,85,u
358518.0045661,KeyUp,85,u
358518.0492015,KeyDown,32,space
358518.1638491,KeyDown,13,enter
358518.1935387,KeyUp,32,space
358518.2432194,KeyUp,13,enter
358518.7707454,KeyDown,8,backspace
358518.9598318,KeyUp,8,backspace
358519.0890754,KeyDown,8,backspace
358519.168735,KeyUp,8,backspace
358520.0260225,KeyDown,75,k
358520.1041439,KeyUp,75,k
358520.198962,KeyDown,73,i
358520.2684403,KeyUp,73,i
358520.3730417,KeyDown,75,k
358520.4525088,KeyDown,79,o
358520.497473,KeyUp,75,k
358520.5670248,KeyUp,79,o
358520.5867404,KeyDown,85,u
358520.6463246,KeyUp,85,u
358520.6970166,KeyDown,32,space
358520.8058598,KeyUp,32,space
358521.0256219,KeyDown,32,space
358521.1042282,KeyUp,32,space
358522.1041906,KeyDown,38,up
358522.1988877,KeyUp,38,up
358522.3577994,KeyDown,13,enter
358522.4374705,KeyUp,13,enter
358524.9901828,KeyDown,85,u
358525.0447679,KeyDown,65,a
358525.0842007,KeyUp,85,u
358525.1498042,KeyUp,65,a
358525.2500046,KeyDown,75,k
358525.3382687,KeyUp,75,k
358525.3478536,KeyDown,65,a
358525.4531514,KeyUp,65,a
358525.4626011,KeyDown,78,n
358525.5223989,KeyUp,78,n
358525.5823359,KeyDown,78,n
358525.6477001,KeyUp,78,n
358525.7373353,KeyDown,75,k
358525.7867047,KeyUp,75,k
358525.8710775,KeyDown,89,y
358525.9508338,KeyDown,79,o
358525.9613525,KeyUp,89,y
358526.06525,KeyDown,85,u
358526.0896324,KeyUp,79,o
358526.1500947,KeyUp,85,u
358526.2593816,KeyDown,78,n
358526.3303338,KeyDown,73,i
358526.3682517,KeyUp,78,n
358526.4229182,KeyUp,73,i
358526.4581916,KeyDown,32,space
358526.5622684,KeyDown,13,enter
358526.6225654,KeyUp,32,space
358526.7124094,KeyUp,13,enter
358526.979681,KeyDown,8,backspace
358527.0948104,KeyUp,8,backspace
358527.1488957,KeyDown,8,backspace
358527.2445876,KeyUp,8,backspace
358527.3029099,KeyDown,8,backspace
358527.3824934,KeyUp,8,backspace
358527.4477845,KeyDown,8,backspace
358527.5319845,KeyUp,8,backspace
358527.5971648,KeyDown,8,backspace
358527.6818905,KeyUp,8,backspace
358528.4725936,KeyDown,89,y
358528.5521235,KeyUp,89,y
358528.5628425,KeyDown,65,a
358528.6482738,KeyUp,65,a
358528.7308401,KeyDown,13,enter
358528.8412568,KeyUp,13,enter
358529.0307898,KeyDown,75,k
358529.0804196,KeyDown,65,a
358529.1093317,KeyUp,75,k
358529.1950273,KeyUp,65,a
358529.2239192,KeyDown,78,n
358529.2787079,KeyUp,78,n
358529.3431775,KeyDown,78,n
358529.4028283,KeyUp,78,n
358529.6177137,KeyDown,89,y
358529.7022611,KeyUp,89,y
358530.2101298,KeyDown,8,backspace
358530.3525473,KeyUp,8,backspace
358530.7266169,KeyDown,75,k
358530.8512687,KeyUp,75,k
358530.9299761,KeyDown,89,y
358531.0152834,KeyDown,79,o
358531.0256292,KeyUp,89,y
358531.1441697,KeyDown,85,u
358531.1788355,KeyUp,79,o
358531.2181356,KeyUp,85,u
358531.4124751,KeyDown,78,n
358531.4771988,KeyDown,73,i
358531.5329008,KeyUp,78,n
358531.6023962,KeyUp,73,i
358532.2741642,KeyDown,65,a
358532.3975817,KeyUp,65,a
358532.5368242,KeyDown,87,w
358532.6817751,KeyUp,87,w
358532.7960242,KeyDown,83,s
358532.9252869,KeyDown,69,e
358533.0294045,KeyUp,83,s
358533.0593668,KeyUp,69,e
358533.0733073,KeyDown,82,r
358533.0835433,KeyDown,84,t
358533.1790463,KeyDown,69,e
358533.2332798,KeyUp,84,t
358533.2444266,KeyUp,82,r
358533.2984554,KeyUp,69,e
358533.5218449,KeyDown,8,backspace
358533.5712464,KeyUp,8,backspace
358533.6571518,KeyDown,8,backspace
358533.735044,KeyUp,8,backspace
358534.0385902,KeyDown,8,backspace
358534.1083702,KeyUp,8,backspace
358534.3478546,KeyDown,87,w
358534.5372208,KeyUp,87,w
358534.6726426,KeyDown,8,backspace
358534.7703211,KeyUp,8,backspace
358534.9196582,KeyDown,65,a
358535.0685159,KeyUp,65,a
358535.5758379,KeyDown,83,s
358535.6764515,KeyDown,69,e
358535.769883,KeyUp,83,s
358535.779667,KeyUp,69,e
358535.7894625,KeyDown,84,t
358535.8905329,KeyDown,69,e
358535.9493543,KeyUp,84,t
358536.0038658,KeyUp,69,e
358536.1138911,KeyDown,32,space
358536.2371687,KeyUp,32,space
358536.3482131,KeyDown,13,enter
358536.4468031,KeyUp,13,enter
358538.4563471,KeyDown,75,k
358538.54053,KeyDown,65,a
358538.5663878,KeyUp,75,k
358538.6260038,KeyUp,65,a
358538.7793883,KeyDown,82,r
358538.8788252,KeyDown,65,a
358538.9186967,KeyUp,82,r
358538.9534235,KeyUp,65,a
358539.1473303,KeyDown,68,d
358539.2917806,KeyDown,65,a
358539.3116061,KeyUp,68,d
358539.4210314,KeyUp,65,a
358539.4557126,KeyDown,78,n
358539.5207946,KeyDown,79,o
358539.5613175,KeyUp,78,n
358539.625949,KeyUp,79,o
358539.6645981,KeyDown,32,space
358539.7590846,KeyDown,13,enter
358539.8139438,KeyUp,32,space
358539.8535349,KeyUp,13,enter
358540.5303692,KeyDown,83,s
358540.6999252,KeyUp,83,s
358540.8006457,KeyDown,73,i
358540.8795388,KeyUp,73,i
358540.9933095,KeyDown,75,k
358541.1077107,KeyUp,75,k
358541.1275903,KeyDown,85,u
358541.1871491,KeyUp,85,u
358541.3217668,KeyDown,77,m
358541.4167068,KeyDown,73,i
358541.4816899,KeyUp,77,m
358541.5313501,KeyUp,73,i
358541.5917691,KeyDown,87,w
358541.6606232,KeyDown,79,o
358541.7251228,KeyUp,87,w
358541.7393479,KeyUp,79,o
358541.789337,KeyDown,32,space
358541.8738858,KeyDown,13,enter
358541.9187515,KeyUp,32,space
358541.9581359,KeyUp,13,enter
358543.0539861,KeyDown,75,k
358543.1376598,KeyUp,75,k
358543.1475424,KeyDown,65,a
358543.2275285,KeyUp,65,a
358543.3420291,KeyDown,69,e
358543.4421,KeyUp,69,e
358543.5568645,KeyDown,84,t
358543.6504914,KeyDown,69,e
358543.7098551,KeyUp,84,t
358543.7453142,KeyUp,69,e
358543.8938559,KeyDown,75,k
358543.9734461,KeyUp,75,k
358544.0443782,KeyDown,73,i
358544.1131425,KeyUp,73,i
358544.1922865,KeyDown,77,m
358544.2473241,KeyDown,65,a
358544.2873796,KeyUp,77,m
358544.3273872,KeyUp,65,a
358544.3919516,KeyDown,83,s
358544.4614478,KeyDown,73,i
358544.4969819,KeyUp,83,s
358544.5257498,KeyUp,73,i
358544.7354751,KeyDown,84,t
358544.8140389,KeyDown,65,a
358544.8798558,KeyUp,84,t
358544.9141591,KeyUp,65,a
358544.9236401,KeyDown,32,space
358545.0031484,KeyUp,32,space
358545.1932665,KeyDown,190,.
358545.2771923,KeyUp,190,.
358545.4004771,KeyDown,13,enter
358545.4658637,KeyUp,13,enter
358546.9928543,KeyDown,65,a
358547.1031231,KeyUp,65,a
358547.5519858,KeyDown,73,i
358547.6701529,KeyUp,73,i
358547.7546102,KeyDown,87,w
358547.8596297,KeyUp,87,w
358547.8981185,KeyDown,79,o
358548.022473,KeyUp,79,o
358548.0718181,KeyDown,32,space
358548.1913116,KeyUp,32,space
358548.7733707,KeyDown,8,backspace
358548.8679056,KeyUp,8,backspace
358548.9434864,KeyDown,8,backspace
358549.0275066,KeyUp,8,backspace
358549.3261517,KeyDown,65,a
358549.436156,KeyUp,65,a
358549.5607861,KeyDown,83,s
358549.6650484,KeyDown,73,i
358549.6738367,KeyUp,83,s
358549.7494294,KeyUp,73,i
358549.9976841,KeyDown,87,w
358550.0826122,KeyDown,79,o
358550.0928908,KeyUp,87,w
358550.1917904,KeyUp,79,o
358550.2610316,KeyDown,32,space
358550.3754388,KeyUp,32,space
358550.7737919,KeyDown,13,enter
358550.8881177,KeyUp,13,enter
358557.3957332,KeyDown,84,t
358557.5116377,KeyUp,84,t
358557.5299345,KeyDown,85,u
358557.619085,KeyUp,85,u
358557.7344793,KeyDown,75,k
358557.7880727,KeyDown,65,a
358557.8477624,KeyUp,75,k
358557.8776615,KeyUp,65,a
358558.1021624,KeyDown,84,t
358558.1719336,KeyUp,84,t
358558.2357139,KeyDown,84,t
358558.3202583,KeyDown,69,e
358558.3552499,KeyUp,84,t
358558.4047935,KeyUp,69,e
358558.4144182,KeyDown,32,space
358558.5197574,KeyUp,32,space
358558.5348453,KeyDown,13,enter
358558.588511,KeyUp,13,enter
358559.7729363,KeyDown,74,j
358559.872314,KeyDown,73,i
358559.8970152,KeyUp,74,j
358559.9419043,KeyUp,73,i
358560.0615329,KeyDown,77,m
358560.1211089,KeyDown,69,e
358560.1461257,KeyUp,77,m
358560.2110355,KeyUp,69,e
358560.2656,KeyDown,78,n
358560.3346003,KeyUp,78,n
358560.4345055,KeyDown,78,n
358560.500153,KeyUp,78,n
358560.5794763,KeyDown,87,w
358560.6431221,KeyDown,79,o
358560.6530208,KeyUp,87,w
358560.7427644,KeyUp,79,o
358560.7972704,KeyDown,32,space
358560.8620086,KeyUp,32,space
358562.3742791,KeyDown,65,a
358562.4755034,KeyUp,65,a
358562.6334886,KeyDown,82,r
358562.6928895,KeyDown,85,u
358562.737289,KeyUp,82,r
358562.762459,KeyUp,85,u
358562.8872351,KeyDown,75,k
358563.0215111,KeyUp,75,k
358563.0325274,KeyDown,85,u
358563.0916504,KeyUp,85,u
358563.2208432,KeyDown,77,m
358563.3202687,KeyDown,79,o
358563.3801604,KeyUp,77,m
358563.4406932,KeyUp,79,o
358563.8876471,KeyDown,78,n
358563.9765302,KeyDown,79,o
358564.0516907,KeyUp,78,n
358564.1004892,KeyUp,79,o
358564.6885185,KeyDown,89,y
358564.7729719,KeyUp,89,y
358564.7824147,KeyDown,65,a
358564.832244,KeyDown,32,space
358564.8873583,KeyUp,65,a
358564.9213996,KeyUp,32,space
358566.2452054,KeyDown,188,","
358566.315251,KeyUp,188,","
358566.8572526,KeyDown,13,enter
358566.9765757,KeyUp,13,enter
358672.9457356,KeyDown,72,h
358673.0442508,KeyDown,65,a
358673.0686006,KeyUp,72,h
358673.1732527,KeyUp,65,a
358673.2335166,KeyDown,78,n
358673.2728501,KeyDown,69,e
358673.34193,KeyUp,78,n
358673.3715227,KeyUp,69,e
358673.461699,KeyDown,87,w
358673.5714612,KeyDown,79,o
358673.5902261,KeyUp,87,w
358673.7008923,KeyUp,79,o
358674.0089633,KeyDown,32,space
358674.1275969,KeyUp,32,space
358674.1886063,KeyDown,13,enter
358674.3232246,KeyUp,13,enter
358675.2121912,KeyDown,72,h
358675.3268537,KeyDown,73,i
358675.3613628,KeyUp,72,h
358675.3820448,KeyUp,73,i
358675.6151936,KeyDown,82,r
358675.684899,KeyDown,79,o
358675.6960138,KeyUp,82,r
358675.7999904,KeyUp,79,o
358676.0132058,KeyDown,71,g
358676.0979421,KeyDown,69,e
358676.1430861,KeyUp,71,g
358676.193393,KeyUp,69,e
358676.2826799,KeyDown,84,t
358676.3919503,KeyDown,69,e
358676.4466076,KeyUp,84,t
358676.4809069,KeyUp,69,e
358676.5364056,KeyDown,32,space
358676.5502456,KeyDown,13,enter
358676.6355369,KeyUp,32,space
358676.6844858,KeyUp,13,enter
358677.5408156,KeyDown,83,s
358677.6356149,KeyUp,83,s
358677.6753291,KeyDown,79,o
358677.7800747,KeyUp,79,o
358677.9352741,KeyDown,82,r
358678.0681705,KeyDown,65,a
358678.1073916,KeyUp,82,r
358678.1617884,KeyUp,65,a
358678.2121571,KeyDown,87,w
358678.2822783,KeyDown,79,o
358678.3368186,KeyUp,87,w
358678.3961163,KeyUp,79,o
358678.4156163,KeyDown,32,space
358678.550223,KeyUp,32,space
358679.569301,KeyDown,84,t
358679.654788,KeyUp,84,t
358679.6610862,KeyDown,79,o
358679.775282,KeyUp,79,o
358679.9194053,KeyDown,71,g
358679.9529852,KeyUp,71,g
358680.2628556,KeyDown,8,backspace
358680.4056539,KeyUp,8,backspace
358680.4616053,KeyDown,66,b
358680.5811369,KeyUp,66,b
358680.5949052,KeyDown,85,u
358680.6695518,KeyUp,85,u
358680.8545655,KeyDown,77,m
358680.9982653,KeyDown,79,o
358681.0186591,KeyUp,77,m
358681.1226368,KeyUp,79,o
358681.163232,KeyDown,78,n
358681.2715997,KeyDown,79,o
358681.3021866,KeyUp,78,n
358681.3612039,KeyUp,79,o
358682.0437493,KeyDown,78,n
358682.1580729,KeyUp,78,n
358682.1873227,KeyDown,65,a
358682.2476332,KeyUp,65,a
358682.414986,KeyDown,68,d
358682.4656403,KeyDown,79,o
358682.5301762,KeyUp,68,d
358682.62437,KeyUp,79,o
358682.634322,KeyDown,32,space
358682.799006,KeyUp,32,space
358683.5247092,KeyDown,188,","
358683.6245858,KeyUp,188,","
358683.6852014,KeyDown,13,enter
358683.8495443,KeyUp,13,enter
358685.2851398,KeyDown,83,s
358685.4016674,KeyUp,83,s
358685.4635372,KeyDown,79,o
358685.605342,KeyUp,79,o
358685.6697854,KeyDown,78,n
358685.7550706,KeyDown,79,o
358685.7936909,KeyUp,78,n
358685.87489,KeyUp,79,o
358686.082275,KeyDown,85,u
358686.1720442,KeyUp,85,u
358686.3558394,KeyDown,71,g
358686.4355178,KeyDown,79,o
358686.461204,KeyUp,71,g
